"","rm.allmacro.asvs","rm.majoritymacro.asvs","total.rm.macroeuk.asv","rm.allmacro.rel.ab","rm.majoritymacro.rel.ab","total.rm.macroeuk.rel.ab"
"AA1A",2,0,2,0.000553409811494783,0,0.000553409811494783
"AA1B",2,0,2,0.000433766771493636,0,0.000433766771493636
"AA1C",1,0,1,0.000412426157522532,0,0.000412426157522532
"AA1DeepA",8,1,9,0.00180242784859606,0.00028230797628613,0.00208473582488219
"AA1DeepB",9,1,10,0.001423729436295,0.000156150970432354,0.00157988040672735
"AA1DeepC",7,1,8,0.00173575567681119,0.000284841957220299,0.00202059763403149
"AA1MF09AA",10,0,10,0.0321937845362427,0,0.0321937845362427
"AA1MF09AB",5,0,5,0.0316238200878681,0,0.0316238200878681
"AA1MF09AC",8,1,9,0.0297695426782323,0.000239525056031754,0.0300090677342641
"AA1MF13AA",5,2,7,0.0333321972666235,0.000391943014893835,0.0337241402815173
"AA1MF13AB",16,1,17,0.076148070741376,0.000772384965753814,0.0769204557071298
"AA1MF13AC",13,4,17,0.0750631467448871,0.000814796708221299,0.0758779434531084
"AA1PCRx1A",0,0,0,0,0,0
"AA1PCRx1B",0,0,0,0,0,0
"AA1PCRx1C",1,0,1,0.000204019177802713,0,0.000204019177802713
"AA2A",1,0,1,0.000195006071779962,0,0.000195006071779962
"AA2B",1,0,1,0.00033219106231205,0,0.00033219106231205
"AA2C",2,0,2,0.000301742057478509,0,0.000301742057478509
"AA2MF09AA",15,1,16,0.0717714692111658,0.000677328953272769,0.0724487981644385
"AA2MF09AB",14,1,15,0.066838630768507,0.000744829316481897,0.0675834600849889
"AA2MF09AC",14,3,17,0.0678763440860215,0.000748847926267281,0.0686251920122888
"AA2MF13AA",11,1,12,0.0625827656837994,0.000562092125946744,0.0631448578097461
"AA2MF13AB",11,3,14,0.0689735474378381,0.000656286056038361,0.0696298334938764
"AA2MF13AC",11,2,13,0.0652028207040432,0.000547526219897858,0.065750346923941
"AA3A",0,0,0,0,0,0
"AA3B",0,0,0,0,0,0
"AA3C",0,0,0,0,0,0
"AA3MF09AA",15,2,17,0.069952359735408,0.000813997326661411,0.0707663570620694
"AA3MF09AB",11,1,12,0.0752916111850866,0.000766977363515313,0.0760585885486019
"AA3MF09AC",17,2,19,0.162050568817707,0.00165158149794096,0.163702150315648
"AA3MF13AA",18,3,21,0.170093137044508,0.00161380316751792,0.171706940212026
"AA3MF13AB",12,3,15,0.167317275133449,0.00169306066923953,0.169010335802688
"AA3MF13AC",12,3,15,0.171005662676511,0.0014550928248871,0.172460755501398
"AA4A",0,0,0,0,0,0
"AA4B",0,0,0,0,0,0
"AA4C",0,0,0,0,0,0
"AA4MF09AA",15,1,16,0.156841843088418,0.00134495641344956,0.158186799501868
"AA4MF09AB",18,2,20,0.156560088202867,0.00155237045203969,0.158112458654906
"AA4MF09AC",17,3,20,0.177108792846498,0.00191301991600054,0.179021812762498
"AA4MF13AA",18,2,20,0.16923711506152,0.00182094387267478,0.171058058934195
"AA4MF13AB",16,4,20,0.179946614899296,0.00152390196554234,0.181470516864839
"AA4MF13AC",15,3,18,0.18005451608561,0.00169100821106475,0.181745524296675
"AA5A",1,0,1,4.11963417648513e-05,0,4.11963417648513e-05
"AA5B",1,0,1,0.000290537419729726,0,0.000290537419729726
"AA5C",1,0,1,7.71188401326444e-05,0,7.71188401326444e-05
"DCSamplingBlank",10,1,11,0.00897423207628097,8.24837507011119e-05,0.00905671582698209
"ExtrBlankPCA",4,0,4,0.0182100933079161,0,0.0182100933079161
"ExtrBlankPCB",5,0,5,0.0270225737353765,0,0.0270225737353765
"ExtrBlankPCC",6,1,7,0.0609760132340778,0.00499586435070306,0.0659718775847808
"ExtrBlankPWA",2,2,4,0.0145801334219757,0.0226954907040187,0.0372756241259944
"ExtrBlankPWB",6,0,6,0.0208726965567831,0,0.0208726965567831
"ExtrBlankPWC",9,0,9,0.0210923767983855,0,0.0210923767983855
"MF09APC",23,3,26,0.30841302207847,0.00558993109267332,0.314002953171143
"MF09APCRx1A",21,5,26,0.343279762514075,0.00432856119210915,0.347608323706184
"MF09APCRx1B",6,0,6,0.0184165916748634,0,0.0184165916748634
"MF09APCRx1C",19,1,20,0.162524010535881,0.00234641883576218,0.164870429371643
"MF09APW",17,1,18,0.523815017616102,0.00136669003647465,0.525181707652577
"MF10APC",17,0,17,0.472449215906835,0,0.472449215906835
"MF10APW",13,1,14,0.526738537907511,0.000525330044310447,0.527263867951822
"MF11APC",25,2,27,0.494646484502981,0.0260598912260009,0.520706375728982
"MF11APW",26,1,27,0.688000279327171,0.000100383201962273,0.688100662529133
"MF13APC",28,6,34,0.4540126112655,0.00637616555459944,0.460388776820099
"MF13APCRx1A",36,8,44,0.507315366128543,0.00564026822151433,0.512955634350057
"MF13APCRx1B",33,6,39,0.470819872522483,0.00627783113594691,0.47709770365843
"MF13APCRx1C",14,3,17,0.159990024004739,0.00302397356361256,0.163013997568351
"MF13APW",28,6,34,0.412989169041177,0.00537956245161187,0.418368731492789
"MF14APC",37,9,46,0.321797773569218,0.00987574483809876,0.331673518407317
"MF14APW",27,6,33,0.276681743125853,0.00222557254648575,0.278907315672338
"MF14BPC",24,5,29,0.301640487918314,0.00181806650740968,0.303458554425724
"MF14BPW",25,4,29,0.308835210017287,0.00177545203943372,0.310610662056721
"MOCK005PCA",0,1,1,0,3.54493650132492e-05,3.54493650132492e-05
"MOCK005PCB",0,0,0,0,0,0
"MOCK005PCC",0,0,0,0,0,0
"MOCK005PWA",0,0,0,0,0,0
"MOCK005PWB",1,0,1,1.66296656605719e-05,0,1.66296656605719e-05
"MOCK005PWC",0,0,0,0,0,0
"MOCK007PCA",0,0,0,0,0,0
"MOCK007PCB",0,0,0,0,0,0
"MOCK007PCC",1,0,1,4.5501701763646e-05,0,4.5501701763646e-05
"MOCK007PWA",0,0,0,0,0,0
"MOCK007PWB",1,0,1,2.52529503863701e-05,0,2.52529503863701e-05
"MOCK007PWC",0,0,0,0,0,0
"MOCK008PCA",1,0,1,0.000173081159329074,0,0.000173081159329074
"MOCK008PCB",2,0,2,0.000245500176225374,0,0.000245500176225374
"MOCK008PCC",2,0,2,0.000357844718857243,0,0.000357844718857243
"MOCK008PWA",0,0,0,0,0,0
"MOCK008PWB",0,0,0,0,0,0
"MOCK008PWC",1,0,1,0.000549547173129341,0,0.000549547173129341
"PB20121026St2000",38,7,45,0.0539063848802137,0.00280296952278428,0.056709354402998
"PB20121026St2075",31,9,40,0.221575311472443,0.00465574627691132,0.226231057749354
"PB20131114St4300A",33,5,38,0.0578705406399412,0.0126241265171019,0.070494667157043
"PB20131114St4300B",33,3,36,0.0582755966127791,0.0121343341031563,0.0704099307159353
"PB20131114St4300C",35,6,41,0.0561322646652934,0.00935424442042434,0.0654865090857178
"PB20140925St1000",36,3,39,0.183244864989615,0.00115393491807062,0.184398799907685
"PB20140925St2000",41,4,45,0.330694301592926,0.000579088842600195,0.331273390435527
"PCRBlank",3,0,3,0.010741263064351,0,0.010741263064351
"AA1AA",3,0,3,0.000789789600050547,0,0.000789789600050547
"AA1BA",2,0,2,0.000432013429446035,0,0.000432013429446035
"AA1CA",2,0,2,9.60447568566952e-05,0,9.60447568566952e-05
"ExtractBlank01A",9,0,9,0.107573047107931,0,0.107573047107931
"ExtractBlank02A",15,0,15,0.39105371099163,0,0.39105371099163
"ExtractBlank03A",12,0,12,0.25560607687993,0,0.25560607687993
"PB20110322St10m",35,2,37,0.207761029768777,0.00795200742331222,0.215713037192089
"PB20110413St10m",15,1,16,0.0606644046397854,0.000331413240748047,0.0609958178805334
"PB20110413St20m",11,0,11,0.319849463250113,0,0.319849463250113
"PB20110726St20m",35,11,46,0.0475995747117036,0.00472129489877098,0.0523208696104746
"PB20110726St40m",44,7,51,0.145341128635107,0.0015194945681226,0.146860623203229
"PB20110907St20m",27,2,29,0.0795758897755198,0.000220890741916779,0.0797967805174366
"PB20110907St30m",32,6,38,0.257489201616274,0.0111865283942754,0.26867573001055
"PB20110907St40m",31,5,36,0.174417962385042,0.00113231517026154,0.175550277555304
"PB20110907St50m",29,8,37,0.377731812041683,0.0101975588575839,0.387929370899267
"PB20110907St70m",41,6,47,0.404477218210708,0.0142021925976823,0.41867941080839
"PB20111028St40m",42,7,49,0.191965201400431,0.0156664426919404,0.207631644092372
"PB20111117St70m",27,4,31,0.110543251940186,0.00903166490900733,0.119574916849193
"PB20120217St20m",33,9,42,0.0143952332644177,0.00544476262632748,0.0198399958907452
"PB20120515St10m",34,4,38,0.268690282631981,0.000495022041283131,0.269185304673264
"PB20120515St20m",19,1,20,0.195124163326017,0.000172323096736745,0.195296486422754
"PB20120515St50m",32,3,35,0.175738441957718,0.000561992760210913,0.176300434717929
"PB20120614St20m",0,0,0,0,0,0
"PB20120614St50m",1,0,1,0.6875,0,0.6875
"PB20120614St70m",1,0,1,0.215686274509804,0,0.215686274509804
"PB20120726St10m",35,6,41,0.276828450986846,0.00147917848092732,0.278307629467773
"PB20120726St20m",20,4,24,0.181257465686017,0.0012470982427935,0.18250456392881
"PB20120726St50m",36,4,40,0.320857336851905,0.000545985258398023,0.321403322110303
"PB20120726St70m",38,2,40,0.152286003145361,0.000112334306897326,0.152398337452258
"PB20120816St20m",36,7,43,0.108858243125071,0.000896198488955033,0.109754441614026
"PB20120816St30m",23,1,24,0.126789697567049,3.24220573740727e-05,0.126822119624423
"PB20120913St10m",42,6,48,0.0311457319052256,0.000765985069782538,0.0319117169750081
"PB20120913St30m",14,0,14,0.560518125998822,0,0.560518125998822
"PB20120913St40m",7,0,7,0.113444623945432,0,0.113444623945432
"PB20120913St70m",50,4,54,0.136686147100759,0.00154415784223666,0.138230304942996
"PB20121026St10m",39,9,48,0.359374342723334,0.0120448139994672,0.371419156722801
"PB20121026St30m",10,3,13,0.012476662589326,0.000746797141569562,0.0132234597308955
"PB20121026St50m",44,9,53,0.225861642617977,0.022101626043428,0.247963268661405
"PB20121026St60m",25,5,30,0.373548882693619,0.0128604596967003,0.386409342390319
"PB20121115St60m",54,7,61,0.145135392570418,0.0297727581983943,0.174908150768812
"PB20121206St10m",38,4,42,0.211125120374875,0.000933215523146723,0.212058335898021
"PB20121206St20m",30,8,38,0.159958888357468,0.0130356470504432,0.172994535407911
"PB20121206St60m",29,6,35,0.0362146137301633,0.0153752252514096,0.051589838981573
"PB20130212St10m",15,1,16,0.0476505029274884,0.00163639093229245,0.0492868938597808
"PB20130212St50m",10,1,11,0.00586859114159959,3.96526428486459e-05,0.00590824378444823
"PB20130314St10m",24,2,26,0.185661080074488,0.00562206260530283,0.191283142679791
"PB20130314St70m",10,2,12,0.00354966388138468,0.000816736822265502,0.00436640070365019
"PB20130411St40m",8,0,8,0.00176169285445158,0,0.00176169285445158
"PB20130411St50m",29,2,31,0.0199986164914222,0.000297454344216934,0.0202960708356392
"PB20130509St10m",10,1,11,0.011294872736044,0.00117458286577245,0.0124694556018164
"PB20130509St30m",28,5,33,0.214038916166576,0.0243282869612657,0.238367203127841
"PB20130509St40m",23,2,25,0.270779478083665,0.0195671453101119,0.290346623393777
"PB20130509St60m",10,1,11,0.0172541871845731,0.000627981957006211,0.0178821691415793
"PB20130605St20m",22,5,27,0.366203056063704,0.0456257398041537,0.411828795867858
"PB20130605St30m",26,7,33,0.362919482027382,0.054917675896212,0.417837157923594
"PB20130815St30m",36,4,40,0.245355285961872,0.0398035817446563,0.285158867706528
"PB20130815St40m",24,4,28,0.3620347746025,0.00252310634229257,0.364557880944793
"PB20130815St60m",24,2,26,0.0381142772871024,0.006456158749406,0.0445704360365084
"PB20130919St20m",66,8,74,0.230393644462749,0.0223321700301303,0.252725814492879
"PB20130919St50m",0,1,1,0,0.154362416107383,0.154362416107383
"PB20131024St20m",19,2,21,0.018638210500441,0.00303648115212771,0.0216746916525687
"PB20131024St50m",19,5,24,0.074966307277628,0.0139824797843666,0.0889487870619946
"PB20131024St60m",40,9,49,0.180781835869247,0.0101530992925887,0.190934935161836
"PB20131114St10m",42,10,52,0.107486764558985,0.00266207172110678,0.110148836280092
"PB20131114St40m",41,7,48,0.237521591518256,0.0195589373994878,0.257080528917744
"PB20131114St50m",1,0,1,0.266666666666667,0,0.266666666666667
"PB20131114St60m",43,4,47,0.223790640423958,0.0341858575569057,0.257976497980864
"PB20131212St10m",34,4,38,0.186048668872329,0.020446182863857,0.206494851736186
"PB20131212St40m",18,2,20,0.00468818332896003,0.00124201871774687,0.0059302020467069
"PB20131212St50m",34,5,39,0.0470192856151818,0.00480213359643578,0.0518214192116176
"PB20131212St70m",23,6,29,0.200395220375806,0.0037095245799339,0.20410474495574
"PB20140220St10m",25,1,26,0.00930183072795945,0.000205187442528517,0.00950701817048797
"PB20140220St20m",4,2,6,0.0184512253803906,0.000746677286076958,0.0191979026664676
"PB20140220St30m",30,5,35,0.216559264736953,0.0291358546376505,0.245695119374604
"PB20140220St40m",17,2,19,0.0117158393709276,0.000170426621430949,0.0118862659923585
"PB20140220St60m",33,7,40,0.07898263858726,0.0558196100817811,0.134802248669041
"PB20140220St70m",29,3,32,0.224987493746873,0.000231365682841421,0.225218859429715
"PB20140320St30m",41,3,44,0.605273217209923,0.0182396496477128,0.623512866857636
"PB20140320St40m",20,1,21,0.0245153075988194,5.78737195439551e-05,0.0245731813183633
"PB20140320St60m",20,2,22,0.268362975464105,0.000116837595741919,0.268479813059847
"PB20140320St70m",30,3,33,0.410739497306154,0.00577488797283961,0.416514385278994
"PB20140416St70m",28,4,32,0.329904598771836,0.000556249641307275,0.330460848413143
"PB20140515St10m",23,2,25,0.562534467816907,0.0107342629795951,0.573268730796502
"PB20140515St30m",2,0,2,0.84,0,0.84
"PB20140515St40m",16,1,17,0.36691783279512,0.000984161156389359,0.36790199395151
"PB20140515St70m",1,0,1,0.230769230769231,0,0.230769230769231
"PB20140612St10m",45,3,48,0.291206748641693,0.011042798589267,0.30224954723096
"PB20140612St60m",69,7,76,0.0990472214006947,0.00374616539958131,0.102793386800276
"PB20140715St30m",48,3,51,0.213067020006216,0.000400778655673881,0.21346779866189
"PB20140715St60m",45,4,49,0.0817648249342238,0.00170006071645416,0.083464885650678
"PB20140715St70m",55,6,61,0.0666669024970904,0.00575544149224059,0.072422343989331
"PB20140822St40m",40,3,43,0.169472527634597,0.00301356596292773,0.172486093597524
"PB20140925St40m",21,1,22,0.00794889038332213,0.000645595158036315,0.00859448554135844
"PB20140925St50m",39,3,42,0.196053637315869,0.000377461758405602,0.196431099074275
"PB20140925St70m",38,5,43,0.0563811085446705,0.000961758283340297,0.0573428668280108
"PCRBlankA",18,0,18,0.25903524684094,0,0.25903524684094
"AA1AB",5,0,5,0.00064758204293088,0,0.00064758204293088
"AA1BB",4,1,5,0.000325878854535826,6.11022852254674e-05,0.000386981139761294
"AA1CB",1,0,1,8.19757649829341e-05,0,8.19757649829341e-05
"ExtractBlank01B",16,3,19,0.352311691346126,0.0749671427319723,0.427278834078098
"ExtractBlank02B",14,1,15,0.306846485632708,0.0291395824474009,0.335986068080109
"ExtractBlank03B",9,0,9,0.068967860297615,0,0.068967860297615
"PB20110322St20m",21,2,23,0.128284074243145,0.00574986159539234,0.134033935838538
"PB20110322St30m",16,3,19,0.0388093965841398,0.000207801460547408,0.0390171980446872
"PB20110322St40m",18,3,21,0.0174974050458618,0.000180058042239498,0.0176774630881013
"PB20110413St30m",17,2,19,0.172781854569713,0.00405089336666211,0.176832747936375
"PB20110413St50m",8,3,11,0.00470795178229603,0.00209529722179109,0.00680324900408712
"PB20110614St20m",19,2,21,0.0462397638820568,0.00486848577794496,0.0511082496600017
"PB20110614St30m",25,4,29,0.0412921476479445,0.000538394853310216,0.0418305425012547
"PB20110614St50m",32,1,33,0.38427453287558,0.0191392548350822,0.403413787710662
"PB20110726St10m",29,7,36,0.146382200139324,0.00249271907811359,0.148874919217437
"PB20110726St30m",37,10,47,0.147446398746973,0.0108840710581203,0.158330469805094
"PB20110726St50m",39,5,44,0.153214329736332,0.0120404298472675,0.165254759583599
"PB20110726St60m",28,4,32,0.168246206220068,0.0115616525301483,0.179807858750216
"PB20110907St10m",34,5,39,0.390686778120233,0.0337162603903988,0.424403038510632
"PB20111028St20m",31,8,39,0.0505742951831843,0.00944295637172561,0.0600172515549099
"PB20111028St30m",41,9,50,0.16449858603437,0.0161148575157712,0.180613443550141
"PB20111028St50m",24,5,29,0.016141183561231,0.00335254454363958,0.0194937281048706
"PB20111028St70m",20,5,25,0.0600038452799189,0.221995001136105,0.281998846416024
"PB20111214St10m",37,5,42,0.288033856137741,0.0104780270770122,0.298511883214753
"PB20111214St70m",32,3,35,0.161971626257341,0.00331414617128903,0.16528577242863
"PB20120217St10m",24,6,30,0.0136183134781593,0.0047302032235459,0.0183485167017052
"PB20120217St30m",33,8,41,0.226490608526537,0.00248733302625518,0.228977941552792
"PB20120217St40m",27,10,37,0.0366275643097515,0.00315607354031599,0.0397836378500675
"PB20120217St50m",15,2,17,0.0102326443599963,0.00126054314579664,0.0114931875057929
"PB20120313St10m",14,2,16,0.00424365850277757,0.0132214486016186,0.0174651071043961
"PB20120313St70m",8,1,9,0.00729570544884127,0.000458756326397727,0.007754461775239
"PB20120412St10m",8,2,10,0.00609363153904473,0.000255875663381349,0.00634950720242608
"PB20120515St30m",32,2,34,0.302148633452964,0.000202002518298061,0.302350635971262
"PB20120614St10m",20,2,22,0.143350759094815,8.9515898023489e-05,0.143440274992839
"PB20120614St30m",2,0,2,0.313725490196078,0,0.313725490196078
"PB20120614St40m",3,0,3,0.147959183673469,0,0.147959183673469
"PB20120614St60m",2,0,2,0.236842105263158,0,0.236842105263158
"PB20120726St40m",27,4,31,0.281685007803896,0.0109809141254486,0.292665921929345
"PB20120726St60m",49,5,54,0.106920489515494,0.00182892403603776,0.108749413551532
"PB20120816St10m",35,7,42,0.133763837638376,0.00155947988051309,0.135323317518889
"PB20120816St50m",17,0,17,0.00989435550576385,0,0.00989435550576385
"PB20120816St60m",48,4,52,0.108380755302638,0.00108911699839355,0.109469872301032
"PB20120913St20m",1,0,1,0.228571428571429,0,0.228571428571429
"PB20120913St60m",25,6,31,0.0217718602306796,0.00394066742599793,0.0257125276566775
"PB20121026St40m",18,5,23,0.0492692294015149,0.00279150812560009,0.052060737527115
"PB20121026St70m",62,8,70,0.139607790178356,0.00241152128408685,0.142019311462443
"PB20121115St30m",37,6,43,0.162764913091182,0.0028815614713865,0.165646474562569
"PB20121115St40m",19,2,21,0.0122192129998407,0.00167277361797037,0.0138919866178111
"PB20121115St50m",39,7,46,0.123058616879621,0.0336119216930617,0.156670538572683
"PB20121206St30m",41,11,52,0.0643994137121655,0.0464417863329336,0.110841200045099
"PB20121206St50m",45,9,54,0.122044685690258,0.0257258079929665,0.147770493683225
"PB20130212St20m",21,2,23,0.0278289774248941,0.000976731729602848,0.0288057091544969
"PB20130212St40m",25,4,29,0.0344394113439823,0.00262251024079412,0.0370619215847764
"PB20130212St60m",19,1,20,0.0385254115962777,0.0027344309234073,0.041259842519685
"PB20130212St70m",30,4,34,0.11627706745878,0.000370226871582935,0.116647294330363
"PB20130314St20m",17,3,20,0.0794723707664884,0.00396434937611408,0.0834367201426025
"PB20130314St30m",23,2,25,0.019426824743361,0.0160609219569942,0.0354877467003551
"PB20130314St40m",26,3,29,0.0535443410536802,0.00151690099390976,0.0550612420475899
"PB20130314St50m",20,7,27,0.0601881256994223,0.0130861285021525,0.0732742542015748
"PB20130411St20m",16,5,21,0.0816631602258886,0.0124940021407744,0.094157162366663
"PB20130411St60m",24,2,26,0.352928918916753,0.0315773444575349,0.384506263374288
"PB20130411St70m",13,1,14,0.067547996153356,0.00935012571110776,0.0768981218644637
"PB20130509St50m",26,3,29,0.14644344036005,0.00251218364683847,0.148955624006889
"PB20130815St20m",21,3,24,0.178858784893268,0.00336617405582923,0.182224958949097
"PB20130815St70m",29,3,32,0.191920463126101,0.0485464384596023,0.240466901585703
"PB20130919St10m",1,0,1,0.196078431372549,0,0.196078431372549
"PB20130919St30m",39,5,44,0.334076583336907,0.0134042279490588,0.347480811285965
"PB20130919St40m",31,4,35,0.244639909203467,0.004508873297565,0.249148782501032
"PB20130919St70m",24,5,29,0.126344060144586,0.028291443258281,0.154635503402867
"PB20131024St10m",28,4,32,0.26065130439007,0.0561592149369261,0.316810519326996
"PB20131024St30m",50,6,56,0.441823432761279,0.0266653155468054,0.468488748308084
"PB20131024St40m",20,3,23,0.0450912450912451,0.00175560175560176,0.0468468468468468
"PB20131024St70m",55,8,63,0.169745225488699,0.0241115833621237,0.193856808850823
"PB20131114St30m",42,8,50,0.0700369119336978,0.00196747571125118,0.072004387644949
"PB20131212St20m",33,4,37,0.0208445960916382,0.0129569725705676,0.0338015686622059
"PB20131212St30m",31,5,36,0.225785210132452,0.00124152027930777,0.227026730411759
"PB20131212St60m",32,4,36,0.162438530633065,0.0281184993902876,0.190557030023352
"PB20140320St10m",17,2,19,0.165639458751637,0.000750763858577041,0.166390222610214
"PB20140320St50m",24,4,28,0.0499160786462972,0.000839213537028157,0.0507552921833253
"PB20140416St10m",22,3,25,0.555269454632765,0.00331177917056491,0.55858123380333
"PB20140416St20m",17,1,18,0.280216466172972,0.00016754347753242,0.280384009650504
"PB20140416St40m",33,1,34,0.389836248551136,0.00016694729712326,0.390003195848259
"PB20140416St50m",25,2,27,0.26294917523221,0.00355305746325451,0.266502232695464
"PB20140515St60m",2,0,2,0.329268292682927,0,0.329268292682927
"PB20140612St20m",32,4,36,0.285177844998435,0.00114738708667988,0.286325232085115
"PB20140612St30m",34,4,38,0.342151870710649,0.00253742272781458,0.344689293438463
"PB20140612St70m",39,2,41,0.182990978283229,0.000903641012077933,0.183894619295307
"PB20140715St40m",15,2,17,0.0201742062377072,0.000519808935094128,0.0206940151728013
"PB20140715St50m",53,3,56,0.267075752992524,0.00118404563329156,0.268259798625816
"PB20140822St10m",35,5,40,0.436339353853981,0.00252798270160265,0.438867336555584
"PB20140822St20m",37,3,40,0.443073075798368,0.00115457139688014,0.444227647195249
"PB20140822St30m",46,5,51,0.422154016649279,0.00198267539967359,0.424136692048952
"PB20140822St50m",50,2,52,0.385436684843578,0.00216074372506365,0.387597428568641
"PB20140822St60m",40,3,43,0.0653884719394731,0.00231685454711191,0.067705326486585
"PB20140822St70m",18,1,19,0.338731568881486,0.000277623542476402,0.339009192423962
"PCRBlankB",7,0,7,0.349096225187389,0,0.349096225187389
"AA1AC",3,0,3,0.000417742103928268,0,0.000417742103928268
"AA1BC",2,1,3,0.000203572700900809,8.14290803603237e-05,0.000285001781261133
"AA1CC",2,0,2,0.000104765430201778,0,0.000104765430201778
"ExtractBlank01C",19,0,19,0.514215230666331,0,0.514215230666331
"ExtractBlank02C",4,0,4,0.0582905256652891,0,0.0582905256652891
"ExtractBlank03C",10,0,10,0.5827177155846,0,0.5827177155846
"PB20110413St40m",14,2,16,0.145904958855715,0.00835810607039766,0.154263064926113
"PB20110413St475m",45,8,53,0.210715840650171,0.0888451491183514,0.299560989768522
"PB20110614St40m",18,1,19,0.0220105493518882,0.00124852701868582,0.023259076370574
"PB20110614St4300m",25,4,29,0.106755767550592,0.0438971404283454,0.150652907978937
"PB20110614St430m",25,2,27,0.167252374327508,0.0128426791903563,0.180095053517865
"PB20110614St60m",23,2,25,0.0555773695123547,0.0106291374761482,0.0662065069885029
"PB20110614St70m",31,1,32,0.305300277837145,0.0136404209044165,0.318940698741561
"PB20110726St4150m",40,5,45,0.0983869746308217,0.0920333207118516,0.190420295342673
"PB20110726St70m",27,3,30,0.134197008110225,0.00584706054130109,0.140044068651526
"PB20110907St4150m",36,7,43,0.0966440437201594,0.0171743676754922,0.113818411395652
"PB20110907St4300m",30,6,36,0.159028265224016,0.0440071219462088,0.203035387170225
"PB20110907St60m",35,7,42,0.263154100157171,0.0233882712578045,0.286542371414976
"PB20111028St10m",32,5,37,0.124627639209241,0.000877790955017883,0.125505430164259
"PB20111028St4300m",35,6,41,0.129186353076301,0.00534252177469176,0.134528874850992
"PB20111028St430m",46,8,54,0.114292671419984,0.00539504021549723,0.119687711635481
"PB20111028St60m",44,9,53,0.195293024419446,0.0330864285778107,0.228379452997257
"PB20111117St10m",33,1,34,0.103196531349391,9.74340058599595e-05,0.103293965355251
"PB20111214St4150m",50,4,54,0.142834165909779,0.00397366030881017,0.146807826218589
"PB20111214St4300m",33,6,39,0.159274476897512,0.00661370193698796,0.1658881788345
"PB20111214St430m",50,10,60,0.200038626372616,0.0165725532032299,0.216611179575846
"PB20120217St4300m",38,7,45,0.0244837569265132,0.00177830889936906,0.0262620658258822
"PB20120217St430m",50,6,56,0.0518521970085271,0.00249755370206421,0.0543497507105913
"PB20120217St60m",14,2,16,0.00687595499374913,0.00113904708987359,0.00801500208362273
"PB20120313St4150m",45,8,53,0.028124449626809,0.00454266644803566,0.0326671160748447
"PB20120313St4300m",43,4,47,0.0998826097323869,0.000265962325060988,0.100148572057448
"PB20120412St4150m",43,6,49,0.0293907443837817,0.00267456510687209,0.0320653094906538
"PB20120412St4300m",32,1,33,0.120108962622248,0.00234894833206806,0.122457910954316
"PB20120412St430m",29,2,31,0.0259498906478407,0.0237401838022822,0.0496900744501229
"PB20120412St70m",36,5,41,0.0338146365543626,0.00189744539059608,0.0357120819449587
"PB20120515St40m",28,3,31,0.284665878954969,0.000275699094131548,0.284941578049101
"PB20120515St4150m",59,8,67,0.0290072408297464,0.00275452708722878,0.0317617679169752
"PB20120515St430m",51,9,60,0.178447599524207,0.00146787133348518,0.179915470857692
"PB20120515St60m",41,5,46,0.217094458693927,0.000270637659230282,0.217365096353158
"PB20120614St20m2",32,5,37,0.107356627446312,0.00326064670595316,0.110617274152265
"PB20120614St30m2",31,0,31,0.0609005420362115,0,0.0609005420362115
"PB20120614St40m2",22,2,24,0.129397387917208,0.00708775681661957,0.136485144733827
"PB20120614St4150m",49,7,56,0.169890585025536,0.00237899685632558,0.172269581881862
"PB20120614St4300m",45,5,50,0.108272814161895,0.0547000727046964,0.162972886866591
"PB20120614St50m2",44,4,48,0.212586102870934,0.00516617225602092,0.217752275126955
"PB20120614St60m2",23,3,26,0.0347305997536477,0.00080001015885916,0.0355306099125068
"PB20120614St70m2",28,2,30,0.298456513102718,0.0119623913011492,0.310418904403867
"PB20120726St30m",41,5,46,0.329043797584564,0.00379357466588579,0.33283737225045
"PB20120726St4150m",41,12,53,0.132078725222012,0.00360549603003535,0.135684221252048
"PB20120816St40m",13,0,13,0.0151763818147519,0,0.0151763818147519
"PB20120913St20m2",38,7,45,0.295373271889401,0.00106912442396313,0.296442396313364
"PB20120913St30m2",27,3,30,0.226144248519957,0.000334203322935897,0.226478451842893
"PB20120913St40m2",33,4,37,0.13002643063495,0.00174565123855185,0.131772081873502
"PB20121026St430m",31,5,36,0.222920776696223,0.0102398450654353,0.233160621761658
"PB20121026St475m",35,5,40,0.100354985542927,0.00659872319716012,0.106953708740088
"PB20121115St10m",67,6,73,0.0787261722066854,0.00740833067173539,0.0861345028784208
"PB20121115St20m",40,9,49,0.226863781044973,0.0229954745252582,0.249859255570231
"PB20121115St4150m",38,6,44,0.0905132401213478,0.0115797230436489,0.102092963164997
"PB20121115St475m",44,11,55,0.0898108046501026,0.0298244814223843,0.119635286072487
"PB20121206St40m",25,3,28,0.0230031323414252,0.00160532498042287,0.0246084573218481
"PB20130212St30m",27,2,29,0.0325920575133722,0.000128992312058201,0.0327210498254304
"PB20130314St60m",22,8,30,0.157453639166983,0.00313437249186837,0.160588011658852
"PB20130411St10m",23,5,28,0.0356154792958208,0.00776900753187213,0.0433844868276929
"PB20130411St30m",33,9,42,0.0976022854810734,0.0262762303166344,0.123878515797708
"PB20130411St60m2",16,3,19,0.24557459322592,0.0215507942455519,0.267125387471472
"PB20130605St10m",22,6,28,0.101671944519737,0.0222992046859402,0.123971149205678
"PB20130605St40m",14,6,20,0.0104815747121694,0.01493830726695,0.0254198819791194
"PB20130605St4150m",39,9,48,0.029497150365945,0.00653964276437423,0.0360367931303192
"PB20130605St4300m",29,3,32,0.0674123600615391,0.000270926665957097,0.0676832867274962
"PB20130605St475m",50,4,54,0.0816448764460264,0.00186528852077486,0.0835101649668013
"PB20130605St50m",33,7,40,0.204639570552147,0.0412257157464213,0.245865286298569
"PB20130605St60m",24,6,30,0.0431840551181102,0.0325857705286839,0.0757698256467942
"PB20130605St70m",28,7,35,0.220492438929818,0.0242051182628926,0.24469755719271
"PB20130815St10m",0,0,0,0,0,0
"PB20130815St50m",43,4,47,0.10353901612351,0.0150309120497363,0.118569928173246
"PB20130919St10m2",26,3,29,0.108425059150293,0.000497205362959915,0.108922264513253
"PB20130919St50m2",20,5,25,0.168608185597161,0.00133085782823719,0.169939043425398
"PB20130919St60m",5,0,5,0.378109452736318,0,0.378109452736318
"PB20131114St20m",29,4,33,0.00906943890260868,0.00129409354139482,0.0103635324440035
"PB20131114St50m2",26,2,28,0.0983204196544588,0.00301586537690296,0.101336285031362
"PB20140220St50m",5,2,7,0.0139033966069949,0.00686765359171079,0.0207710501987057
"PB20140320St20m",28,4,32,0.178360437621572,0.000296471983397569,0.178656909604969
"PB20140416St30m",8,1,9,0.028016607877719,0.00115740740740741,0.0291740152851264
"PB20140416St60m",5,0,5,0.0191212804812547,0,0.0191212804812547
"PB20140515St20m",25,1,26,0.804240597225855,0.00239055524201504,0.80663115246787
"PB20140515St30m2",11,1,12,0.282058179992109,0.00225976541482837,0.284317945406937
"PB20140515St50m",2,0,2,0.245454545454545,0,0.245454545454545
"PB20140515St60m2",44,2,46,0.339190215681611,0.00267779730071894,0.34186801298233
"PB20140515St70m2",23,1,24,0.126301750486246,0.000111141983884412,0.126412892470131
"PB20140612St50m",45,2,47,0.391192879610001,0.023992285733965,0.415185165343966
"PB20140715St10m",45,3,48,0.40778434598899,0.000873504377678916,0.408657850366669
"PB20140715St20m",50,7,57,0.276454842627448,0.000453174943655249,0.276908017571103
"PB20140822St60m2",24,1,25,0.126647470176882,0.0010914575620458,0.127738927738928
"PB20140925St30m",65,5,70,0.434366172949257,0.000659564400728388,0.435025737349985
"PB20140925St60m",23,2,25,0.00706004499048278,0.000230720424525581,0.00729076541500836
"PCRBlankC",31,4,35,0.567735173851893,0.226710688511059,0.794445862362952
"AA1AD",1,1,2,6.36771427358531e-05,9.19780950628989e-05,0.000155655237798752
"AA1BD",0,0,0,0,0,0
"AA1CD",1,0,1,2.54228131613904e-05,0,2.54228131613904e-05
"ExtractBlank01D",16,1,17,0.57590558825314,8.09012398115001e-05,0.575986489492952
"ExtractBlank02D",4,0,4,0.0193030557643833,0,0.0193030557643833
"ExtractBlank03D",3,1,4,0.171644168935751,5.31062317749068e-05,0.171697275167526
"PB20110413St4150m",20,2,22,0.0926530612244898,0.00086734693877551,0.0935204081632653
"PB20110413St4300m",28,2,30,0.0441962056914628,0.0012855716425362,0.045481777333999
"PB20110726St4300m",40,8,48,0.105893772324895,0.0156080136667184,0.121501785991614
"PB20110726St475m",43,9,52,0.0486584686104364,0.0174719066329936,0.06613037524343
"PB20110907St430m",22,4,26,0.0724439754174685,0.012617170525793,0.0850611459432615
"PB20110907St475m",28,4,32,0.0529140474979074,0.00487452608774147,0.0577885735856489
"PB20111028St4150m",44,6,50,0.117434380097591,0.0100698392074062,0.127504219304998
"PB20111028St475m",37,10,47,0.0779692524652514,0.0404055512227433,0.118374803687995
"PB20111117St4150m",42,9,51,0.098660650901576,0.0262506113048005,0.124911262206376
"PB20111117St4300m",33,3,36,0.149357526453415,0.0236182835506153,0.17297581000403
"PB20111117St430m",53,10,63,0.114139221211141,0.0196775832601968,0.133816804471338
"PB20120217St4150m",31,5,36,0.142645387238487,0.00092163067186876,0.143567017910356
"PB20120217St430mB",18,3,21,0.0122320111921957,0.00111543842401785,0.0133474496162136
"PB20120313St430m",24,3,27,0.0185392388067409,0.00928683318127829,0.0278260719880192
"PB20120515St4300m",47,6,53,0.223286552890409,0.00522489600746414,0.228511448897874
"PB20120515St475m",35,6,41,0.29999271653413,0.002741231700292,0.302733948234422
"PB20120614St430m",45,7,52,0.0652157837554963,0.00953350663534337,0.0747492903908396
"PB20120614St475m",50,7,57,0.0834069651741293,0.00480796019900497,0.0882149253731343
"PB20120726St4300m",27,3,30,0.0576170163033951,0.0526333363942199,0.110250352697615
"PB20120726St430m",29,4,33,0.26883803527465,0.0236408766194455,0.292478911894095
"PB20120726St475m",11,2,13,0.0164951209731319,0.00144365726507151,0.0179387782382034
"PB20120816St4150m",17,3,20,0.0178303992766114,0.00871268850019309,0.0265430877768045
"PB20120816St4300m",8,1,9,0.00238079195022797,0.00448083013274038,0.00686162208296835
"PB20120816St430m",18,1,19,0.041393693736155,5.89150209737475e-05,0.0414526087571287
"PB20120816St475m",11,1,12,0.00627020524772573,7.51823171190136e-05,0.00634538756484475
"PB20120913St4150m",23,2,25,0.00847594747650756,0.0129441782313772,0.0214201257078847
"PB20120913St4300m",28,2,30,0.175426423223107,0.000673163558031877,0.176099586781139
"PB20120913St430m",22,3,25,0.0142850069320658,0.00129976232917409,0.0155847692612398
"PB20120913St475m",35,4,39,0.0404944380551072,0.0291192701336606,0.0696137081887679
"PB20121026St4150m",21,2,23,0.0209260738880645,0.00319598219381349,0.024122056081878
"PB20121026St4300m",18,3,21,0.0157000961230375,0.0361388893573247,0.0518389854803622
"PB20121115St4300m",28,4,32,0.138079761247726,0.00270844831462971,0.140788209562356
"PB20121115St430m",42,10,52,0.0470776634722607,0.0231405790175315,0.0702182424897922
"PB20121206St4150m",7,2,9,0.00353940537989618,0.000283152430391694,0.00382255781028787
"PB20121206St4300m",13,2,15,0.0183242435821725,0.000955292319449752,0.0192795359016223
"PB20121206St430m",15,2,17,0.0132578547528357,0.00111534333634967,0.0143731980891854
"PB20121206St475m",11,1,12,0.0470585211647691,0.000205607957027937,0.047264129121797
"PB20130212St4150m",40,5,45,0.0749557425850286,0.0139151246625063,0.0888708672475349
"PB20130212St430m",29,3,32,0.121156781268472,0.00246142445014954,0.123618205718621
"PB20130212St475m",49,8,57,0.0468119513322039,0.0154551054982289,0.0622670568304328
"PB20130314St4300m",31,7,38,0.0930315214252393,0.287920859527142,0.380952380952381
"PB20130314St430m",34,11,45,0.136856946737658,0.0280225590412407,0.164879505778899
"PB20130411St4300m",35,7,42,0.24844738649482,0.00864349071354464,0.257090877208364
"PB20130411St475m",21,4,25,0.670338409852759,0.000810161958064828,0.671148571810823
"PB20130509St4150m",47,7,54,0.168211346287794,0.00590626732434008,0.174117613612134
"PB20130509St4300m",49,7,56,0.163479090266243,0.0495896988932559,0.213068789159499
"PB20130509St430m",36,6,42,0.417922644552929,0.0139774172688965,0.431900061821825
"PB20130509St475m",42,10,52,0.323461964013079,0.0363392487374908,0.35980121275057
"PB20130605St430m",28,4,32,0.0968776325443626,0.132702881418879,0.229580513963242
"PB20130815St4150m",55,4,59,0.311964461805057,0.00898028740749251,0.320944749212549
"PB20130815St4300m",30,5,35,0.0545911949685535,0.140377358490566,0.19496855345912
"PB20130815St475m",39,10,49,0.0229350596924549,0.00368545776674715,0.0266205174592021
"PB20130919St4300m",47,5,52,0.168251692552768,0.0158024691358025,0.18405416168857
"PB20130919St430m",31,6,37,0.432476129207016,0.041511478296201,0.473987607503217
"PB20130919St475m",58,10,68,0.150441524876158,0.0134072797760069,0.163848804652165
"PB20131024St4150m",54,6,60,0.088169388380888,0.0138693419924992,0.102038730373387
"PB20131024St4300m",38,6,44,0.235891027781668,0.0505434606973963,0.286434488479064
"PB20131024St430m",27,5,32,0.102989883004578,0.0120047476403097,0.114994630644888
"PB20131024St475m",39,4,43,0.262212939439887,0.00534206271902959,0.267555002158916
"PB20131114St4150m",18,1,19,0.00424226164525973,8.38391629497971e-05,0.00432610080820953
"PB20131114St430m",64,10,74,0.16828879698193,0.0557715644270537,0.224060361408983
"PB20131114St475m",51,6,57,0.12112512766721,0.00412215566658386,0.125247283333793
"PB20140220St4150m",32,6,38,0.0983885759203459,0.0101064924856357,0.108495068405982
"PB20140220St4300m",45,5,50,0.0915843010690718,0.0205097541999251,0.112094055268997
"PB20140220St430m",37,8,45,0.0712799167533819,0.0246679316888046,0.0959478484421865
"PB20140220St475m",39,4,43,0.0406689153560936,0.00494655875189367,0.0456154741079873
"PB20140320St4150m",27,3,30,0.115167152114976,0.00546255329013011,0.120629705405106
"PB20140320St4300m",41,6,47,0.103230106270314,0.00373406858269729,0.106964174853011
"PB20140320St475m",11,1,12,0.00539479079001316,0.001230012300123,0.00662480309013616
"PB20140416St4150m",21,7,28,0.00961987242648965,0.787619492126052,0.797239364552542
"PB20140416St4300m",27,4,31,0.0609762008627793,0.182211235519364,0.243187436382143
"PB20140416St430m",32,7,39,0.153105138851591,0.0118159846309571,0.164921123482548
"PB20140416St475m",35,5,40,0.150458594086289,0.0036919307307705,0.154150524817059
"PB20140515St4150m",40,7,47,0.0861170013720843,0.0084320818261195,0.0945490831982038
"PB20140515St4300m",6,1,7,0.0122918318794607,3.4479191807744e-05,0.0123263110712685
"PB20140515St430m",0,0,0,0,0,0
"PB20140515St475m",39,7,46,0.297471762542685,0.00732860520094563,0.30480036774363
"PB20140612St4300m",51,6,57,0.175861524526546,0.0195863352695302,0.195447859796076
"PB20140612St430m",37,2,39,0.366345461940369,0.00350405155961581,0.369849513499984
"PB20140612St475m",31,6,37,0.0647357549273298,0.00516782377198935,0.0699035786993192
"PB20140715St4300m",43,3,46,0.0828994282483609,0.000620081522482515,0.0835195097708434
"PB20140715St430m",35,6,41,0.204552963721668,0.00697151919645807,0.211524482918126
"PB20140822St4150m",38,12,50,0.345174676703339,0.0237116386797915,0.368886315383131
"PB20140822St430m",42,6,48,0.124872699947597,0.00186871533236437,0.126741415279961
"PB20140822St475m",50,4,54,0.0835945929871962,0.000977068624202415,0.0845716616113986
"PB20140925St4150m",36,6,42,0.072255195201779,0.000454139718433375,0.0727093349202124
"PB20140925St4300m",32,4,36,0.122624453959604,0.00718827040352926,0.129812724363133
"PB20140925St430m",31,0,31,0.222272616264871,0,0.222272616264871
"PB20140925St475m",22,4,26,0.0240728932752996,0.000535979965438533,0.0246088732407382
"PCRBlankD",2,0,2,0.00315457413249211,0,0.00315457413249211
"AA1AE",0,0,0,0,0,0
"AA1BE",2,1,3,0.000273332134508182,8.63154108973206e-05,0.000359647545405503
"AA1CE",1,0,1,9.52653138992093e-05,0,9.52653138992093e-05
"AA1MF13AA2",16,5,21,0.423063752643771,0.00428039077449894,0.42734414341827
"AA1MF13AB2",18,5,23,0.408225039932165,0.00467354222949656,0.412898582161661
"AA1MF13AC2",16,4,20,0.399259099720009,0.00376480723670041,0.403023906956709
"AA2highA",0,0,0,0,0,0
"AA2highB",0,0,0,0,0,0
"AA2highC",0,0,0,0,0,0
"AA2lowA",3,0,3,0.000360503804066182,0,0.000360503804066182
"AA2lowB",3,0,3,0.000286125956733668,0,0.000286125956733668
"AA2lowC",0,0,0,0,0,0
"AA6A",0,0,0,0,0,0
"AA6B",0,0,0,0,0,0
"AA6C",0,0,0,0,0,0
"AA7A",1,1,2,0.000103690742360909,2.59226855902271e-05,0.000129613427951136
"AA7B",0,0,0,0,0,0
"AA7C",1,0,1,8.45886065653772e-05,0,8.45886065653772e-05
"AA8A",0,0,0,0,0,0
"AA8B",0,0,0,0,0,0
"AA8C",1,0,1,3.21081402162483e-05,0,3.21081402162483e-05
"ExtractBlank01E",11,0,11,0.170364935474581,0,0.170364935474581
"ExtractBlank02E",4,0,4,0.28541296625222,0,0.28541296625222
"ExtractBlank03E",2,0,2,0.0343352118555625,0,0.0343352118555625
"PB20110413St50m2",7,3,10,0.00985071595409769,0.00392674587860939,0.0137774618327071
"PB20110614St4150m",8,1,9,0.0171628020719859,0.000333474133523043,0.017496276205509
"PB20110614St475m",10,0,10,0.0337041884816754,0,0.0337041884816754
"PB20110726St4300m2",26,7,33,0.100876450881527,0.0171144800514365,0.117990930932963
"PB20110726St430m",25,3,28,0.0321114977552603,0.0100337161711411,0.0421452139264014
"PB20110907St475m2",20,3,23,0.0856338597089156,0.00557932871334621,0.0912131884222618
"PB20120217St4150m2",27,2,29,0.267585949044813,0.00105934089411932,0.268645289938932
"PB20120217St430mB2",33,4,37,0.0571985962968093,0.00421341829431593,0.0614120145911253
"PB20120515St60m2",31,6,37,0.232435053129167,0.000282816855884611,0.232717869985051
"PB20120726St475m2",23,4,27,0.0811069931170671,0.00621038020691728,0.0873173733239844
"PB20120816St40m2",22,1,23,0.257979299294097,0.000115485109638676,0.258094784403736
"PB20120913St10m2",13,2,15,0.0282418074756784,0.000640040962621608,0.0288818484383001
"PB20121026St30m2",10,3,13,0.0159659173164023,0.00227493640518685,0.0182408537215891
"PB20121026St40m2",13,4,17,0.0228775211532962,0.00265782966339765,0.0255353508166939
"PB20121115St4150m2",29,6,35,0.0902374535592529,0.0139768582675157,0.104214311826769
"PB20121206St40m2",20,5,25,0.0417117604617605,0.00329184704184704,0.0450036075036075
"PB20121206St430m2",28,4,32,0.03455451649368,0.00540797451443839,0.0399624910081184
"PB20121206St475m2",29,3,32,0.0370029292761063,0.00105806628589343,0.0380609955619997
"PB20130212St4300m",13,1,14,0.0256968960496129,0.000670444903047382,0.0263673409526603
"PB20130314St4150m",2,2,4,0.000430067889288238,0.00319479003471262,0.00362485792400086
"PB20130314St475m",2,1,3,0.00241262389149713,0.0170839853938446,0.0194966092853417
"PB20130411St4150m",7,1,8,0.534405537459283,0.000661644951140065,0.535067182410423
"PB20130411St430m",6,0,6,0.00687965147939735,0,0.00687965147939735
"PB20130815St10m2",24,3,27,0.476611506063684,0.000554735305915185,0.477166241369599
"PB20130815St430m",2,1,3,0.001839278376739,0.000939205979611404,0.0027784843563504
"PB20130815St50m2",11,1,12,0.016260162601626,0.00174758756933364,0.0180077501709597
"PB20130815St70m2",13,3,16,0.0620297302257295,0.0166314920168838,0.0786612222426133
"PB20130919St60m2",23,2,25,0.52925624434704,0.0097559467210897,0.539012191068129
"PB20131024St430m2",23,7,30,0.189413451117042,0.0206626499003578,0.210076101017399
"PB20131024St50m2",15,3,18,0.161920886563029,0.0285131599199631,0.190434046482992
"PB20131114St60m2",16,2,18,0.0522445654504138,0.00720318998413583,0.0594477554345496
"PB20140320St475m2",14,1,15,0.0220962861072902,0.00531499312242091,0.0274112792297111
"PB20140320St475mB",8,2,10,0.0173974791407776,0.00215566432502346,0.019553143465801
"PB20140416St4150m2",7,2,9,0.0117389990469327,0.597666147516214,0.609405146563147
"PB20140416St475m2",25,5,30,0.282304930952632,0.00598683364319875,0.28829176459583
"PB20140515St20m2",11,1,12,0.469103985615823,0.00197782439316752,0.47108181000899
"PB20140515St4300m2",10,0,10,0.0770091719115659,0,0.0770091719115659
"PB20140515St430m2",13,1,14,0.188297172912558,0.00252465483234714,0.190821827744905
"PB20140515St50m2",8,1,9,0.124147892856238,0.0030916601201186,0.127239552976356
"PB20140612St4150m",21,2,23,0.0109754248457492,0.000851441034792447,0.0118268658805417
"PB20140612St430mB",17,1,18,0.085797044768458,0.0127106732990308,0.0985077180674888
"PB20140715St4150m",6,1,7,0.00296071057053693,0.000213384545624283,0.00317409511616121
"PB20140715St475m",5,0,5,0.00176995969937915,0,0.00176995969937915
"PB20140822St4300m",4,0,4,0.012390323213635,0,0.012390323213635
"PB20140925St60m2",51,10,61,0.0741419422062932,0.00125755656758917,0.0753994987738824
"PCRBlankE",1,0,1,0.00361887311039853,0,0.00361887311039853
"TL01",6,1,7,0.0132882098243169,3.31790507473581e-05,0.0133213888750643
"TL02",8,1,9,0.0378343760776393,0.0350920406588173,0.0729264167364566
"TL03",7,1,8,0.0171428571428571,0.0340416367552046,0.0511844938980617
"TL04",8,1,9,0.0125557380896503,0.0017161464444966,0.0142718845341469
"TL05",5,3,8,0.00346938976087747,0.000599526275958996,0.00406891603683647
"TL06",5,1,6,0.0140218797788495,0.0636983884248912,0.0777202682037407
"TL07",16,1,17,0.025803851409136,0.00200532788093857,0.0278091792900746
"TL08",17,1,18,0.138835372864964,0.171335886872625,0.31017125973759
"TL09",13,1,14,0.0201300991739605,0.0268401322319473,0.0469702314059078
"TL10",13,1,14,0.10773234401592,0.235626232519608,0.343358576535528
"TL11",11,1,12,0.0440768985557,0.00112797626345602,0.045204874819156
"TL12",10,1,11,0.361929667069982,0.294719175676203,0.656648842746185
"TL13",19,1,20,0.040681730397837,0.00253959057551178,0.0432213209733488
"TL14",15,1,16,0.206184799424208,0.21572342132912,0.421908220753328
"TL15",15,2,17,0.718174489005517,0.00814113406787967,0.726315623073397
"TL16",18,1,19,0.290361117515143,0.299848399108559,0.590209516623701
"TL17",5,2,7,0.941749009247028,0.000243064729194188,0.941992073976222
"TL18",11,1,12,0.534915841300739,0.287456346252934,0.822372187553673
"TL19",12,1,13,0.0184234638082383,0.00583245485266155,0.0242559186608999
"TL20",14,2,16,0.326478031527274,0.180931182730128,0.507409214257402
"TL21",11,3,14,0.00627629815942267,0.00526550856820479,0.0115418067276275
"TL22",12,3,15,0.006165892322935,0.0118700641599092,0.0180359564828442
"TL23",9,2,11,0.00284120260357475,0.0036806488273582,0.00652185143093295
"TL24",14,2,16,0.00267533386397807,0.0151012647032812,0.0177765985672592
"TL25",11,3,14,0.0120660657255702,0.00124723623788197,0.0133133019634522
"TL26",7,5,12,0.254825581991328,0.0401422816315234,0.294967863622851
"EMAA1ATM01",0,0,0,0,0,0
"EMAA1BTM01",0,0,0,0,0,0
"EMAA1CTM01",0,0,0,0,0,0
"EMMF13ATM01",5,1,6,0.0725035590807403,0.000508440105755542,0.0730119991864958
"EMMF13BTM01",6,1,7,0.0602082881319158,0.00260360164894771,0.0628118897808635
"EMMF13CTM01",5,1,6,0.0659586361095584,0.000838457238680827,0.0667970933482392
"EMNTCTM01",1,0,1,0.00922168941350055,0,0.00922168941350055
"MBAA1A",1,0,1,0.000517773125323608,0,0.000517773125323608
"MBAA1B",1,0,1,0.000105346326046879,0,0.000105346326046879
"MBAA1C",0,0,0,0,0,0
"MBMF13A",13,3,16,0.405101661471589,0.00297406274128514,0.408075724212874
"MBMF13B",16,4,20,0.403147320793375,0.00358555533422498,0.4067328761276
"MBMF13C",18,4,22,0.404651162790698,0.00317781308681208,0.40782897587751
"MBNTC",1,0,1,0.00225,0,0.00225
"EMAA1A",3,1,4,0.00143416255629423,8.04203302594896e-05,0.00151458288655372
"EMAA1B",1,0,1,8.99234366168234e-05,0,8.99234366168234e-05
"EMAA1C",1,0,1,8.96034407721257e-05,0,8.96034407721257e-05
"EMAA2A",1,0,1,7.48680450705631e-05,0,7.48680450705631e-05
"EMAA2B",0,0,0,0,0,0
"EMAA2C",0,0,0,0,0,0
"EMMF13A",23,4,27,0.547521853194431,0.00428899556948935,0.55181084876392
"EMMF13B",24,4,28,0.5362716021574,0.00460512319955951,0.54087672535696
"EMMF13C",20,6,26,0.549597780473183,0.00454501094427482,0.554142791417458
"EMNTC",9,0,9,0.187704162827708,0,0.187704162827708
"MB1AA1A",1,0,1,0.000812881037986556,0,0.000812881037986556
"MB1AA1B",0,0,0,0,0,0
"MB1AA1C",0,0,0,0,0,0
"MB1AA2A",0,0,0,0,0,0
"MB1AA2B",0,0,0,0,0,0
"MB1AA2C",0,0,0,0,0,0
"MB1MF13A",5,3,8,0.0775715500141683,0.0020544063474072,0.0796259563615755
"MB1MF13B",7,2,9,0.0634233491376349,0.00185528756957328,0.0652786367072081
"MB1MF13C",9,3,12,0.0748773247713092,0.00175683043557279,0.0766341552068819
"MB1NTC",8,0,8,0.0548898887047123,0,0.0548898887047123
"MB2AA1A",6,0,6,0.0153930313482958,0,0.0153930313482958
"MB2AA1B",0,0,0,0,0,0
"MB2AA1C",0,0,0,0,0,0
"MB2AA2A",1,0,1,0.000235890782567671,0,0.000235890782567671
"MB2AA2B",1,0,1,0.000191884751066436,0,0.000191884751066436
"MB2AA2C",1,0,1,0.000235058137712728,0,0.000235058137712728
"MB2MF13A",14,4,18,0.378044358493987,0.00339940774762797,0.381443766241615
"MB2MF13B",23,5,28,0.33301222790199,0.00302978511831699,0.336042013020307
"MB2MF13C",19,6,25,0.344230621789466,0.00314344859311508,0.347374070382581
"MB2NTC",2,0,2,0.161685448309652,0,0.161685448309652
"AA1A6",2,0,2,0.000269511315128279,0,0.000269511315128279
"AA1B6",2,0,2,0.000171974188917385,0,0.000171974188917385
"AA1C6",2,0,2,0.000476342877557552,0,0.000476342877557552
"AA3A6",2,0,2,0.000128885751986989,0,0.000128885751986989
"AA3B6",2,0,2,5.89108560925607e-05,0,5.89108560925607e-05
"AA3C6",3,0,3,0.000142634317816867,0,0.000142634317816867
"AA4A6",1,0,1,0.000212905339010809,0,0.000212905339010809
"AA4B6",1,0,1,3.51607549717308e-05,0,3.51607549717308e-05
"AA4C6",2,0,2,0.000185376635414067,0,0.000185376635414067
"ExtractBlank016",21,1,22,0.22009351280794,0.0214996581326445,0.241593170940584
"ExtractBlank026",4,0,4,0.0586933737044369,0,0.0586933737044369
"ExtractBlank036",5,0,5,0.164577907986111,0,0.164577907986111
"PB20110413St10m6",18,3,21,0.143720643720644,0.000320833654166987,0.144041477374811
"PB20110413St4150m6",27,3,30,0.165642323451434,0.00152145095203664,0.167163774403471
"PB20110413St4300m6",38,5,43,0.136759605920393,0.00486620243034155,0.141625808350735
"PB20110413St50m6",14,3,17,0.0573118459498771,0.021174168801246,0.0784860147511231
"PB20110614St40m6",29,3,32,0.172901471611556,0.0102316950594057,0.183133166670962
"PB20110614St4150m6",48,5,53,0.224054863492339,0.00426089095302169,0.228315754445361
"PB20110614St475m6",42,4,46,0.359622197582281,0.0084309165156719,0.368053114097953
"PB20110907St430m6",23,6,29,0.136085241294832,0.0290202294957938,0.165105470790626
"PB20111028St50m6",40,7,47,0.154541273233949,0.0466798336985832,0.201221106932533
"PB20111028St70m6",25,5,30,0.0754371626568592,0.590965588871295,0.666402751528154
"PB20111214St70m6",37,3,40,0.383277164559049,0.00603943151016706,0.389316596069216
"PB20120217St10m6",25,6,31,0.0110816670681763,0.00407047740885038,0.0151521444770267
"PB20120217St50m6",38,9,47,0.0724099157799108,0.00199566612803539,0.0744055819079462
"PB20120217St60m6",26,11,37,0.0684729924094412,0.00225305742386578,0.070726049833307
"PB20120313St10m6",17,1,18,0.00700639992339244,0.0127998467848764,0.0198062467082688
"PB20120313St70m6",15,2,17,0.0442474482949012,0.00378058786991097,0.0480280361648122
"PB20120412St10m6",19,2,21,0.0802486962134982,0.00158832622691831,0.0818370224404165
"PB20120614St10m6",30,3,33,0.286234646336298,0.000184821531708444,0.286419467868007
"PB20120614St40m6",36,3,39,0.346027169797549,0.0160938626182634,0.362121032415813
"PB20120614St60m6",28,2,30,0.0719331724146647,0.000214839060268675,0.0721480114749333
"PB20120614St70m6",37,3,40,0.539272437258004,0.0179896834278805,0.557262120685885
"PB20120816St4150m6",22,4,26,0.041579845940823,0.0156613386747684,0.0572411846155914
"PB20120816St4300m6",24,4,28,0.0406738707295792,0.0927387264725341,0.133412597202113
"PB20120816St430m6",28,3,31,0.0782788700718983,0.000434456673595257,0.0787133267454936
"PB20120816St475m6",34,7,41,0.0604748431541395,0.00254643867634395,0.0630212818304835
"PB20120816St50m6",35,3,38,0.151771704839684,0.000853833657679236,0.152625538497364
"PB20120913St30m6",26,0,26,0.25437422315709,0,0.25437422315709
"PB20120913St40m6",35,5,40,0.300256991685563,0.00210632401108592,0.302363315696649
"PB20120913St430m6",31,4,35,0.0571184995737425,0.00817819544400167,0.0652966950177442
"PB20120913St60m6",65,9,74,0.151169293492967,0.0446971382526444,0.195866431745612
"PB20121026St30m6",26,7,33,0.230931332778404,0.00378265038406019,0.234713983162464
"PB20121026St40m6",26,6,32,0.245823149965944,0.00285468167795184,0.248677831643896
"PB20121026St4150m6",30,3,33,0.0658279205672703,0.0092776981630716,0.0751056187303419
"PB20121026St4300m6",18,3,21,0.022632158024082,0.0636086004257026,0.0862407584497846
"PB20121115St40m6",44,5,49,0.170145918484281,0.0211429007983498,0.191288819282631
"PB20121206St40m6",39,9,48,0.163023464026893,0.0138604996874842,0.176883963714377
"PB20121206St4150m6",22,4,26,0.00910798889070413,0.00071475249142297,0.0098227413821271
"PB20121206St4300m6",28,3,31,0.0529643849724728,0.00243845181028542,0.0554028367827582
"PB20121206St60m6",28,8,36,0.0647679484273879,0.0295006421394576,0.0942685905668455
"PB20130212St10m6",23,1,24,0.167464389332372,0.00461422459717737,0.172078613929549
"PB20130212St50m6",28,2,30,0.0690222250606719,0.000135713373355473,0.0691579384340273
"PB20130212St60m6",27,3,30,0.0797815965090526,0.00464143965032052,0.0844230361593731
"PB20130314St4150m6",35,6,41,0.0157781949896645,0.0278868217936318,0.0436650167832964
"PB20130314St475m6",21,5,26,0.0139354252146549,0.0600250022533379,0.0739604274679928
"PB20130314St70m6",18,5,23,0.00758138592462515,0.00108064298257463,0.00866202890719978
"PB20130411St20m6",22,8,30,0.194250510136271,0.0209605416435379,0.215211051779809
"PB20130411St40m6",24,3,27,0.0341505619660075,0.000349408916582781,0.0344999708825903
"PB20130411St4150m6",43,3,46,0.645045211293597,0.00417973795903303,0.64922494925263
"PB20130411St430m6",26,3,29,0.0913696595280021,0.00160349424020934,0.0929731537682115
"PB20130411St60m6",15,2,17,0.275658197524162,0.0217491355810194,0.297407333105182
"PB20130411St70m6",15,1,16,0.0833711433756806,0.00931747472128597,0.0926886180969665
"PB20130509St10m6",28,1,29,0.253280381496218,0.0233575312091851,0.276637912705403
"PB20130509St60m6",34,3,37,0.207720457433291,0.0187293519695044,0.226449809402795
"PB20130605St40m6",30,8,38,0.111838445142878,0.019905350240237,0.131743795383115
"PB20130605St60m6",30,9,39,0.488837963124325,0.054485727231536,0.543323690355861
"PB20130815St20m6",28,5,33,0.418000759908584,0.00516057322059466,0.423161333129179
"PB20130815St430m6",24,6,30,0.0174645765663983,0.00630796026926517,0.0237725368356635
"PB20130815St60m6",41,4,45,0.111138918835669,0.023198059448637,0.134336978284306
"PB20130919St10m6",37,3,40,0.190402446046022,0.000225015056154493,0.190627461102177
"PB20130919St50m6",33,5,38,0.391985874082773,0.00109109384239941,0.393076967925173
"PB20131024St20m6",30,7,37,0.200486235603251,0.0300950369588173,0.230581272562069
"PB20131024St40m6",45,6,51,0.459652109612127,0.0107651696889967,0.470417279301124
"PB20131024St50m6",33,7,40,0.424383164005806,0.0688564662745398,0.493239630280345
"PB20131114St20m6",64,8,72,0.0710389647245793,0.00341686295655135,0.0744558276811306
"PB20131114St4150m6",56,7,63,0.031948390365719,0.000796221566746892,0.0327446119324659
"PB20131114St50m6",27,4,31,0.147023098268864,0.0044833749740774,0.151506473242942
"PB20131212St40m6",32,4,36,0.0161540077657513,0.00435753581349747,0.0205115435792488
"PB20140220St10m6",36,6,42,0.0617695473251029,0.000524691358024691,0.0622942386831276
"PB20140220St20m6",25,5,30,0.311553470222057,0.0100653473319087,0.321618817553966
"PB20140220St40m6",24,6,30,0.0819841428476248,0.00292324605236858,0.0849073888999933
"PB20140220St50m6",23,4,27,0.373514916835343,0.133774824723518,0.507289741558861
"PB20140320St10m6",32,4,36,0.392253346554289,0.00109072880515617,0.393344075359445
"PB20140320St40m6",19,5,24,0.0606220227189447,0.000767222425796995,0.0613892451447417
"PB20140416St20m6",28,2,30,0.596097710861884,0.000433465750718785,0.596531176612602
"PB20140416St30m6",19,3,22,0.520893106156534,0.0137684527721233,0.534661558928657
"PB20140416St60m6",18,0,18,0.270655561326705,0,0.270655561326705
"PB20140515St30m6",9,1,10,0.463500532123453,0.00384389178289363,0.467344423906346
"PB20140515St430m6",27,1,28,0.678961725771091,0.0100497046173414,0.689011430388432
"PB20140515St50m6",29,1,30,0.486949608102576,0.00742261435038774,0.494372222452963
"PB20140515St70m6",17,0,17,0.251816229622236,0,0.251816229622236
"PB20140715St40m6",34,3,37,0.165991864801646,0.000375759739222741,0.166367624540869
"PB20140715St4150m6",40,8,48,0.035238243807741,0.00434194789662524,0.0395801917043662
"PB20140715St475m6",28,2,30,0.00984467874327767,0.000132677611095386,0.00997735635437305
"PCRBlank6",5,0,5,0.273183787695178,0,0.273183787695178
"AA1AAC",1,0,1,0.000145900204260286,0,0.000145900204260286
"AA1BAC",0,0,0,0,0,0
"AA1CAC",1,0,1,6.37592450905381e-05,0,6.37592450905381e-05
"ACS00C02N05",33,5,38,0.191648556940791,0.0237142094628083,0.215362766403599
"ACS00C02N07",45,8,53,0.579452280078,0.0280751489901561,0.607527429068156
"ACS00C02N12",42,6,48,0.123122569397881,0.00232164409279871,0.12544421349068
"ACS00C02N24",55,6,61,0.0708675346730824,0.0249168553637136,0.0957843900367959
"ACS01C02N05",41,6,47,0.190192356905229,0.00584321419431886,0.196035571099548
"ACS01C02N07",66,12,78,0.150867431182285,0.116045780461876,0.266913211644161
"ACS01C02N12",84,14,98,0.3797764454393,0.0236869948249926,0.403463440264292
"ACS01C02N14",49,12,61,0.224145702859006,0.0480593092733079,0.272205012132314
"ACS02C02N05",32,4,36,0.190657769304099,0.00203765490943756,0.192695424213537
"ACS02C02N07",31,6,37,0.160174074312103,0.00347046888054426,0.163644543192648
"ACS02C02N14",42,11,53,0.27815210512601,0.0170866991773071,0.295238804303317
"ACS02C02N15",42,6,48,0.361170723132475,0.00482674264452762,0.365997465777003
"ACS03C02N05",38,8,46,0.313767374691618,0.0586276751509317,0.37239504984255
"ACS03C02N07",37,9,46,0.241308080019831,0.056204841952572,0.297512921972403
"ACS03C02N14",37,9,46,0.32249086075108,0.0496510468594217,0.372141907610502
"ACS07C02N05",30,7,37,0.0568751258692381,0.0107329439778233,0.0676080698470615
"ACS07C02N07",37,9,46,0.0467751542381481,0.00318403423755984,0.0499591884757079
"ACS07C02N12",33,11,44,0.0612128472816476,0.00884248958868161,0.0700553368703292
"ACS07C02N14",32,6,38,0.0635073238599947,0.245345401678938,0.308852725538933
"ACS08C02N05",28,7,35,0.0350714472044289,0.0752055495975962,0.110276996802025
"ACS08C02N07",24,5,29,0.0169178861244659,0.0792464372078797,0.0961643233323456
"ACS08C02N10",23,6,29,0.0343083581000052,0.0100839459825851,0.0443923040825903
"ACS08C02N13",33,6,39,0.0908395215690721,0.0273510571963041,0.118190578765376
"ACS09C02N00",26,3,29,0.0216238034828739,0.000815526302782675,0.0224393297856566
"ACS09C02N05",33,4,37,0.0179592823727458,0.0139879651416933,0.031947247514439
"ACS09C02N07",34,12,46,0.0340127166623116,0.101254246145806,0.135266962808118
"ACS09C02N14",32,9,41,0.0517504251451358,0.00390938055865048,0.0556598057037862
"ACS10C02N05",28,4,32,0.0516334862048338,0.0193415681047782,0.070975054309612
"ACS10C02N07",28,13,41,0.00992237936145093,0.00199284918820702,0.011915228549658
"ACS10C02N10",35,9,44,0.0143058245142665,0.00209370958175829,0.0163995340960248
"ACS10C02N13",28,6,34,0.384200770694112,0.00632489472058274,0.390525665414695
"ACS11C02N05",28,8,36,0.0339282018053043,0.00525572144676332,0.0391839232520676
"ACS11C02N07",24,8,32,0.0268409148027142,0.00217139984920834,0.0290123146519226
"ACS11C02N12",30,9,39,0.00912257243602877,0.00336435295513118,0.0124869253911599
"ACS11C02N14",25,6,31,0.00733020160501077,0.00584263065179096,0.0131728322568017
"ACS12C02N05",34,7,41,0.0293706724743687,0.00759178977214358,0.0369624622465123
"ACS12C02N07",27,9,36,0.0142383752004276,0.00245857830037413,0.0166969535008017
"ACS12C02N10",25,9,34,0.103078955595672,0.00372137115886927,0.106800326754541
"ACS12C02N13",32,9,41,0.0163072195621601,0.0127059741653321,0.0290131937274922
"ACS13C02N05",40,7,47,0.0339945328380178,0.00591107684399897,0.0399056096820168
"ACS13C02N07",32,8,40,0.0654772429890017,0.00402270396435265,0.0694999469533543
"ACS13C02N10",30,9,39,0.0191488578197307,0.00441896718916862,0.0235678250088993
"ACS13C02N13",30,6,36,0.143624502091443,0.00145176071354039,0.145076262804983
"ACS14C02N05",37,10,47,0.0334742271734069,0.00700290145789304,0.0404771286312999
"ACS14C02N07",24,11,35,0.0543134776425976,0.00518446832042977,0.0594979459630273
"ACS14C02N10",31,6,37,0.0677305083419938,0.0137897124722027,0.0815202208141965
"ACS14C02N13",44,8,52,0.0528141666235178,0.00733776656730108,0.0601519331908189
"ACS15C02N05",33,3,36,0.0263453910366467,0.00146316296929049,0.0278085540059372
"ACS15C02N07",32,5,37,0.0571026970043047,0.00901663565284755,0.0661193326571522
"ACS15C02N10",35,10,45,0.0903608626631045,0.00501413249699926,0.0953749951601038
"ACS15C02N13",38,9,47,0.151476764550849,0.0112819030453487,0.162758667596198
"ACS16C02N05",32,4,36,0.0332637246266367,0.00099959422412684,0.0342633188507636
"ACS16C02N07",38,10,48,0.307185097016758,0.00215382871393754,0.309338925730696
"ACS16C02N10",38,10,48,0.176056109712211,0.00705694184777323,0.183113051559984
"ACS16C02N13",44,14,58,0.138874458874459,0.0041038961038961,0.142978354978355
"ACS17C01N05",34,7,41,0.0454352801559719,0.00235229295583623,0.0477875731118081
"ACS17C02N07",43,12,55,0.0224852071005917,0.0320486166640013,0.054533823764593
"ACS17C02N10",32,12,44,0.086346870766462,0.0233468806550179,0.10969375142148
"ACS17C02N13",34,14,48,0.25532738024744,0.038292395998642,0.293619776246082
"ACS19C01N01",63,6,69,0.0318082298295513,0.00278283644697264,0.0345910662765239
"ACS19C01N06",34,11,45,0.0384035554859425,0.00418004542250764,0.0425836009084501
"ACS19C01N11",39,8,47,0.0639324710385444,0.00208947772302401,0.0660219487615684
"ACS19C01N16",48,12,60,0.0730223887623101,0.00305044532735798,0.076072834089668
"ACS19C01N21",49,13,62,0.0394955560078703,0.00392665716805753,0.0434222131759278
"ACS20C02N01",35,8,43,0.0611666763022489,0.00591624751883756,0.0670829238210865
"ACS20C02N06",40,12,52,0.0471854064557292,0.00464023665206926,0.0518256431077985
"ACS20C02N11",37,9,46,0.269117386639444,0.00721882519609579,0.27633621183554
"ACS20C02N16",34,8,42,0.0291247915633873,0.0505993960971653,0.0797241876605525
"ACS20C02N21",36,12,48,0.107198153051222,0.0182496129286414,0.125447765979863
"ACS21C02N01",60,7,67,0.0555494686096198,0.000610433720984833,0.0561599023306046
"ACS21C02N06",58,9,67,0.0872716441620334,0.00250419203953755,0.0897758362015709
"ACS21C02N11",45,11,56,0.0290789678292765,0.00551576520951675,0.0345947330387933
"ACS21C02N16",37,10,47,0.0499111639961532,0.00296663352295881,0.052877797519112
"ACS21C02N23",40,13,53,0.0256348897729652,0.00415781759444827,0.0297927073674135
"ACS22C02N01",50,9,59,0.0514898688915375,0.00552085816448153,0.0570107270560191
"ACS22C02N06",36,9,45,0.126410195358119,0.0155107316575394,0.141920927015658
"ACS22C02N11",40,10,50,0.0666148292141072,0.0151513468480977,0.0817661760622049
"ACS22C02N16",41,10,51,0.0253582313222987,0.00188587112091465,0.0272441024432134
"ACS22C02N21",44,9,53,0.0380353680747312,0.00600434757064802,0.0440397156453792
"ACS23C02N01",76,9,85,0.12438298819128,0.000766371929361934,0.125149360120642
"ACS23C02N06",49,15,64,0.107040458744823,0.00764574705320166,0.114686205798025
"ACS23C02N11",45,9,54,0.0370705562934145,0.00352605164490309,0.0405966079383176
"ACS23C02N16",51,10,61,0.159585109354865,0.0140039110021718,0.173589020357037
"ACS23C02N21",57,14,71,0.235859438045631,0.0037088662281238,0.239568304273755
"ExtractBlank08",17,1,18,0.664071392796977,7.58852008681267e-05,0.664147277997845
"ExtractBlank09",14,1,15,0.159706242350061,0.00871481028151775,0.168421052631579
"PB20140715St60mAC",95,5,100,0.312098089180967,0.00503998814120437,0.317138077322171
"PB20140822St4300mAC",30,6,36,0.122016396102347,0.000792128343879138,0.122808524446226
"PB20140822St70mAC",40,1,41,0.584336027327984,0.00112117250789592,0.585457199835879
"PB20140925St40mAC",30,8,38,0.146589476168883,0.000745401802630026,0.147334877971513
"PCRBlankAC",10,11,21,0.182705487545493,0.388434088008697,0.57113957555419
