"","minority.macroeuk.asvs","minority.macroeuk.rel.ab"
"AA1A",0,0
"AA1B",0,0
"AA1C",0,0
"AA1DeepA",4,0.000488609958956763
"AA1DeepB",8,0.000597047828123708
"AA1DeepC",7,0.000631993092582537
"AA1MF09AA",6,0.00154044008536017
"AA1MF09AB",6,0.00152246726695376
"AA1MF09AC",12,0.00237814162774385
"AA1MF13AA",6,0.00178930506799359
"AA1MF13AB",14,0.0042935517213962
"AA1MF13AC",13,0.00362584535158478
"AA1PCRx1A",0,0
"AA1PCRx1B",0,0
"AA1PCRx1C",0,0
"AA2A",0,0
"AA2B",0,0
"AA2C",0,0
"AA2MF09AA",13,0.00418250628645935
"AA2MF09AB",13,0.00333997146127672
"AA2MF09AC",12,0.00305299539170507
"AA2MF13AA",15,0.0023055304149002
"AA2MF13AB",14,0.00268865577796361
"AA2MF13AC",15,0.00285091238636471
"AA3A",0,0
"AA3B",0,0
"AA3C",0,0
"AA3MF09AA",12,0.00378722966720362
"AA3MF09AB",14,0.00360053262316911
"AA3MF09AC",12,0.00466137146458336
"AA3MF13AA",15,0.00301300484999356
"AA3MF13AB",13,0.00298688432477192
"AA3MF13AC",15,0.0026234678517669
"AA4A",0,0
"AA4B",0,0
"AA4C",0,0
"AA4MF09AA",11,0.00470236612702366
"AA4MF09AB",14,0.0047805953693495
"AA4MF09AC",15,0.00448177753691912
"AA4MF13AA",19,0.00443666435276009
"AA4MF13AB",16,0.00373695704925989
"AA4MF13AC",18,0.00354186296944407
"AA5A",0,0
"AA5B",0,0
"AA5C",0,0
"DCSamplingBlank",3,0.00475106404038404
"ExtrBlankPCA",0,0
"ExtrBlankPCB",0,0
"ExtrBlankPCC",1,0.000628618693134822
"ExtrBlankPWA",0,0
"ExtrBlankPWB",0,0
"ExtrBlankPWC",0,0
"MF09APC",22,0.0152141049078892
"MF09APCRx1A",22,0.0130222423701797
"MF09APCRx1B",10,0.00468785969905615
"MF09APCRx1C",17,0.011041970991822
"MF09APW",12,0.00446392914510876
"MF10APC",18,0.00880864156686297
"MF10APW",16,0.00748404976169811
"MF11APC",19,0.00927200052421204
"MF11APW",16,0.00394113179877969
"MF13APC",39,0.0192554557124519
"MF13APCRx1A",40,0.0160716766932384
"MF13APCRx1B",34,0.0196018510433947
"MF13APCRx1C",16,0.0178320915297565
"MF13APW",35,0.0171842699678344
"MF14APC",32,0.018698323248187
"MF14APW",39,0.0269581448775935
"MF14BPC",37,0.0174618945944232
"MF14BPW",29,0.0172989767789562
"MOCK005PCA",0,0
"MOCK005PCB",0,0
"MOCK005PCC",0,0
"MOCK005PWA",0,0
"MOCK005PWB",0,0
"MOCK005PWC",0,0
"MOCK007PCA",0,0
"MOCK007PCB",0,0
"MOCK007PCC",0,0
"MOCK007PWA",0,0
"MOCK007PWB",0,0
"MOCK007PWC",1,3.55864287595283e-05
"MOCK008PCA",0,0
"MOCK008PCB",0,0
"MOCK008PCC",0,0
"MOCK008PWA",0,0
"MOCK008PWB",0,0
"MOCK008PWC",0,0
"PB20121026St2000",46,0.153726629226035
"PB20121026St2075",25,0.0143091294860579
"PB20131114St4300A",39,0.0276388378080177
"PB20131114St4300B",45,0.028387220939184
"PB20131114St4300C",50,0.0231748686258914
"PB20140925St1000",28,0.0101457508565748
"PB20140925St2000",30,0.00998280019706307
"PCRBlank",0,0
"AA1AA",0,0
"AA1BA",0,0
"AA1CA",0,0
"ExtractBlank01A",0,0
"ExtractBlank02A",0,0
"ExtractBlank03A",2,0.00150370556013032
"PB20110322St10m",21,0.0257657988152912
"PB20110413St10m",12,0.00684920697545964
"PB20110413St20m",10,0.00181658646266058
"PB20110726St20m",40,0.0121787103058061
"PB20110726St40m",45,0.00587173108734358
"PB20110907St20m",26,0.0102530119373038
"PB20110907St30m",21,0.0188233576836057
"PB20110907St40m",24,0.00800215416056782
"PB20110907St50m",29,0.0102819857197993
"PB20110907St70m",23,0.0200548456163384
"PB20111028St40m",45,0.0141740637267037
"PB20111117St70m",22,0.0375598280197939
"PB20120217St20m",44,0.020366494163574
"PB20120515St10m",21,0.00459175617604008
"PB20120515St20m",23,0.00614014402583033
"PB20120515St50m",33,0.00645465214301063
"PB20120614St20m",1,0.0184049079754601
"PB20120614St50m",0,0
"PB20120614St70m",0,0
"PB20120726St10m",38,0.00864903020617289
"PB20120726St20m",23,0.0075877664169966
"PB20120726St50m",30,0.0116616851345014
"PB20120726St70m",33,0.0220849247360144
"PB20120816St20m",28,0.00864152603592398
"PB20120816St30m",29,0.00866965814182705
"PB20120913St10m",43,0.0148393378773126
"PB20120913St30m",1,0.00142989317856842
"PB20120913St40m",4,0.0296176628971459
"PB20120913St70m",37,0.00557362082471554
"PB20121026St10m",42,0.0128230295721918
"PB20121026St30m",10,0.00391424708684736
"PB20121026St50m",31,0.00848777292868266
"PB20121026St60m",22,0.00699125661364244
"PB20121115St60m",43,0.0235496893001315
"PB20121206St10m",43,0.0387979389835893
"PB20121206St20m",41,0.109444484018358
"PB20121206St60m",32,0.0134278904842179
"PB20130212St10m",16,0.00468398138417655
"PB20130212St50m",9,0.00293429557079979
"PB20130314St10m",31,0.0100824687416866
"PB20130314St70m",16,0.0134604510900295
"PB20130411St40m",5,0.00264763087952261
"PB20130411St50m",22,0.0124515771997786
"PB20130509St10m",9,0.014115969083301
"PB20130509St30m",22,0.00319944535370067
"PB20130509St40m",20,0.0101420835141612
"PB20130509St60m",8,0.00130957212985442
"PB20130605St20m",28,0.282578284730442
"PB20130605St30m",38,0.170872909645063
"PB20130815St30m",35,0.0132409012131716
"PB20130815St40m",32,0.00365186444279188
"PB20130815St60m",17,0.00630868304193226
"PB20130919St20m",67,0.0205817961112436
"PB20130919St50m",0,0
"PB20131024St20m",17,0.00965890195057765
"PB20131024St50m",8,0.00761455525606469
"PB20131024St60m",29,0.0264547266218986
"PB20131114St10m",55,0.0153980621316552
"PB20131114St40m",39,0.0153597593662517
"PB20131114St50m",0,0
"PB20131114St60m",33,0.0145523338305381
"PB20131212St10m",42,0.0637194273522773
"PB20131212St40m",16,0.00260648998513076
"PB20131212St50m",37,0.0139362079331555
"PB20131212St70m",25,0.00598608639378741
"PB20140220St10m",12,0.00222666372817984
"PB20140220St20m",4,0.00119468365772313
"PB20140220St30m",23,0.00814493978449187
"PB20140220St40m",10,0.00103444995798786
"PB20140220St60m",35,0.0250741489929388
"PB20140220St70m",17,0.00584042021010505
"PB20140320St30m",38,0.00625291999565835
"PB20140320St40m",27,0.00692169685745703
"PB20140320St60m",29,0.0228936777878749
"PB20140320St70m",21,0.00959490789927235
"PB20140416St70m",14,0.00200867926027627
"PB20140515St10m",23,0.00169877097612857
"PB20140515St30m",0,0
"PB20140515St40m",11,0.00167102363011943
"PB20140515St70m",0,0
"PB20140612St10m",42,0.007706605661996
"PB20140612St60m",38,0.0131347749691202
"PB20140715St30m",34,0.0136182951366737
"PB20140715St60m",21,0.00580179450853404
"PB20140715St70m",58,0.00953344488112378
"PB20140822St40m",17,0.0218053374038596
"PB20140925St40m",24,0.004954046177987
"PB20140925St50m",30,0.0108614620981212
"PB20140925St70m",23,0.0134646159667642
"PCRBlankA",0,0
"AA1AB",0,0
"AA1BB",0,0
"AA1CB",0,0
"ExtractBlank01B",0,0
"ExtractBlank02B",0,0
"ExtractBlank03B",0,0
"PB20110322St20m",15,0.00951835196534543
"PB20110322St30m",24,0.015011181697639
"PB20110322St40m",20,0.00971254263138941
"PB20110413St30m",17,0.00862422337783422
"PB20110413St50m",8,0.00349216203631849
"PB20110614St20m",24,0.00538210017650974
"PB20110614St30m",20,0.00708126112150386
"PB20110614St50m",15,0.00666522687836519
"PB20110726St10m",43,0.00990373236422235
"PB20110726St30m",39,0.0132574698130849
"PB20110726St50m",42,0.0059557826559541
"PB20110726St60m",35,0.00655617102302233
"PB20110907St10m",27,0.00733165219015597
"PB20111028St20m",33,0.0149816134743724
"PB20111028St30m",37,0.0184903197737655
"PB20111028St50m",23,0.0140317173315252
"PB20111028St70m",19,0.0094209358013039
"PB20111214St10m",36,0.0541211159888638
"PB20111214St70m",25,0.0126606198034769
"PB20120217St10m",30,0.0137935061901425
"PB20120217St30m",34,0.0150468294180869
"PB20120217St40m",39,0.0382436260623229
"PB20120217St50m",13,0.007711558068403
"PB20120313St10m",20,0.01975753569258
"PB20120313St70m",15,0.0510255423683665
"PB20120412St10m",6,0.00605572403335861
"PB20120515St30m",26,0.0049423282810259
"PB20120614St10m",30,0.0116549699226583
"PB20120614St30m",0,0
"PB20120614St40m",0,0
"PB20120614St60m",0,0
"PB20120726St40m",21,0.0168358171115284
"PB20120726St60m",54,0.0142178964192848
"PB20120816St10m",29,0.0107040356117847
"PB20120816St50m",19,0.00893109549885351
"PB20120816St60m",35,0.00853595447490947
"PB20120913St20m",0,0
"PB20120913St60m",29,0.0173860675804826
"PB20121026St40m",19,0.00933466092955443
"PB20121026St70m",41,0.0401662985077506
"PB20121115St30m",41,0.0152047121325865
"PB20121115St40m",17,0.00900111518241198
"PB20121115St50m",45,0.0123579907640876
"PB20121206St30m",44,0.0315385955741418
"PB20121206St50m",46,0.0176697693086906
"PB20130212St20m",20,0.0536178458339241
"PB20130212St40m",31,0.00755687523931309
"PB20130212St60m",16,0.0101646385110952
"PB20130212St70m",18,0.00433940333204184
"PB20130314St20m",31,0.0151016042780749
"PB20130314St30m",44,0.0229959185115819
"PB20130314St40m",51,0.0162557449795105
"PB20130314St50m",34,0.0247809736966801
"PB20130411St20m",18,0.0102240431107666
"PB20130411St60m",21,0.00520144582561932
"PB20130411St70m",13,0.00425216373726958
"PB20130509St50m",19,0.0124987794160726
"PB20130815St20m",22,0.0119047619047619
"PB20130815St70m",23,0.00594638811980871
"PB20130919St10m",0,0
"PB20130919St30m",37,0.0233523433815017
"PB20130919St40m",19,0.00363702022286422
"PB20130919St70m",13,0.00754695185930325
"PB20131024St10m",26,0.012809094295014
"PB20131024St30m",34,0.0102998762277699
"PB20131024St40m",11,0.0106491106491106
"PB20131024St70m",37,0.0155066164241582
"PB20131114St30m",49,0.0295469582477278
"PB20131212St20m",35,0.0117871227899145
"PB20131212St30m",45,0.0126621350033267
"PB20131212St60m",42,0.0223561198383664
"PB20140320St10m",22,0.00542994325621999
"PB20140320St50m",36,0.0376961019387545
"PB20140416St10m",15,0.00556378900654904
"PB20140416St20m",7,0.00149113695003853
"PB20140416St40m",14,0.00140712721861033
"PB20140416St50m",13,0.00402985485187189
"PB20140515St60m",0,0
"PB20140612St20m",27,0.00617155175411147
"PB20140612St30m",19,0.00567088435142453
"PB20140612St70m",27,0.00492961885450645
"PB20140715St40m",11,0.00554931160438325
"PB20140715St50m",40,0.012713365887386
"PB20140822St10m",31,0.0482065632154668
"PB20140822St20m",20,0.0256375351665305
"PB20140822St30m",17,0.0508093038558275
"PB20140822St50m",21,0.0572816575782111
"PB20140822St60m",24,0.0301039166236213
"PB20140822St70m",11,0.0350833898862772
"PCRBlankB",0,0
"AA1AC",0,0
"AA1BC",1,2.03572700900809e-05
"AA1CC",0,0
"ExtractBlank01C",1,3.47454461749607e-05
"ExtractBlank02C",1,3.86234598895369e-05
"ExtractBlank03C",0,0
"PB20110413St40m",9,0.0187928137521003
"PB20110413St475m",33,0.0121362745809448
"PB20110614St40m",9,0.00356321194096852
"PB20110614St4300m",13,0.0116098766598188
"PB20110614St430m",26,0.00473659238767682
"PB20110614St60m",19,0.00547645125958379
"PB20110614St70m",18,0.00640534050764995
"PB20110726St4150m",32,0.0203937902309731
"PB20110726St70m",36,0.00834251430240121
"PB20110907St4150m",41,0.0902024227597364
"PB20110907St4300m",43,0.0238311276985499
"PB20110907St60m",30,0.0145059191648282
"PB20111028St10m",39,0.0129894384939348
"PB20111028St4300m",40,0.0125470951125497
"PB20111028St430m",52,0.0149371846869127
"PB20111028St60m",38,0.0152521019666008
"PB20111117St10m",28,0.0520784761321484
"PB20111214St4150m",56,0.0321014986376022
"PB20111214St4300m",51,0.0261406569059449
"PB20111214St430m",50,0.0193407765740247
"PB20120217St4300m",55,0.031412048398455
"PB20120217St430m",49,0.043968128232608
"PB20120217St60m",12,0.00527851090429226
"PB20120313St4150m",47,0.0084658783804301
"PB20120313St4300m",46,0.0221574130119775
"PB20120412St4150m",45,0.0450992094191847
"PB20120412St4300m",46,0.0221229848613406
"PB20120412St430m",23,0.0326583339943567
"PB20120412St70m",24,0.0468884980871282
"PB20120515St40m",28,0.00586188788236839
"PB20120515St4150m",50,0.0124612546588528
"PB20120515St430m",37,0.0189874218611596
"PB20120515St60m",39,0.00849433198629589
"PB20120614St20m2",41,0.0213364021772919
"PB20120614St30m2",33,0.0166019475875713
"PB20120614St40m2",19,0.0107232872527305
"PB20120614St4150m",44,0.0197494500929886
"PB20120614St4300m",52,0.020577879800348
"PB20120614St50m2",41,0.0136696163708583
"PB20120614St60m2",18,0.00742866576083506
"PB20120614St70m2",21,0.0178038050115504
"PB20120726St30m",41,0.0114651429053822
"PB20120726St4150m",40,0.0133560113808266
"PB20120816St40m",13,0.0058196566685531
"PB20120913St20m2",27,0.0104792626728111
"PB20120913St30m2",21,0.0181106372143357
"PB20120913St40m2",24,0.0103140942897535
"PB20121026St430m",32,0.0140626242041899
"PB20121026St475m",58,0.100261944977241
"PB20121115St10m",44,0.0207760440604819
"PB20121115St20m",43,0.00876404737674036
"PB20121115St4150m",47,0.0289684476472108
"PB20121115St475m",54,0.251132892637338
"PB20121206St40m",22,0.0175019577133908
"PB20130212St30m",26,0.0119360886091189
"PB20130314St60m",30,0.00888776242977231
"PB20130411St10m",23,0.0140813261515182
"PB20130411St30m",26,0.015705880352345
"PB20130411St60m2",17,0.00370155896946782
"PB20130605St10m",36,0.325450711022669
"PB20130605St40m",16,0.086142863038006
"PB20130605St4150m",57,0.038023133222302
"PB20130605St4300m",27,0.0273539173093112
"PB20130605St475m",53,0.091510370319666
"PB20130605St50m",39,0.145763036809816
"PB20130605St60m",17,0.0893735939257593
"PB20130605St70m",28,0.0369426134160527
"PB20130815St10m",0,0
"PB20130815St50m",49,0.0232061585574633
"PB20130919St10m2",22,0.0353187257826698
"PB20130919St50m2",19,0.0130785534725531
"PB20130919St60m",0,0
"PB20131114St20m",29,0.00820670987501213
"PB20131114St50m2",19,0.0164910085502992
"PB20140220St50m",6,0.00201707308288009
"PB20140320St20m",50,0.0147295958580695
"PB20140416St30m",3,0.000165343915343915
"PB20140416St60m",4,0.000805671930389945
"PB20140515St20m",8,0.000412955799964211
"PB20140515St30m2",3,0.00120162129201191
"PB20140515St50m",0,0
"PB20140515St60m2",13,0.00328394625990747
"PB20140515St70m2",4,0.00090025006946374
"PB20140612St50m",30,0.00524998660717702
"PB20140715St10m",48,0.0207609645113454
"PB20140715St20m",43,0.0308038115033928
"PB20140822St60m2",6,0.0297710133004251
"PB20140925St30m",37,0.00845007145281008
"PB20140925St60m",42,0.00896348849281883
"PCRBlankC",0,0
"AA1AD",0,0
"AA1BD",0,0
"AA1CD",0,0
"ExtractBlank01D",1,6.06759298586251e-05
"ExtractBlank02D",0,0
"ExtractBlank03D",0,0
"PB20110413St4150m",23,0.0119727891156463
"PB20110413St4300m",24,0.00817523714428357
"PB20110726St4300m",35,0.0561577884764715
"PB20110726St475m",49,0.034290079067431
"PB20110907St430m",17,0.00780619529455584
"PB20110907St475m",34,0.0307242856439462
"PB20111028St4150m",47,0.0182259852695059
"PB20111028St475m",33,0.0603626029636435
"PB20111117St4150m",35,0.0163514174383568
"PB20111117St4300m",34,0.0104688979071577
"PB20111117St430m",60,0.0265498534702655
"PB20120217St4150m",38,0.0149380971398728
"PB20120217St430mB",28,0.015124588800242
"PB20120313St430m",29,0.0798030743807343
"PB20120515St4300m",41,0.0152081794502974
"PB20120515St475m",40,0.0196190085216551
"PB20120614St430m",46,0.0167348308598927
"PB20120614St475m",43,0.0510646766169154
"PB20120726St4300m",41,0.0104765800435759
"PB20120726St430m",27,0.00581184162731566
"PB20120726St475m",18,0.0148375885576795
"PB20120816St4150m",41,0.0268633379487035
"PB20120816St4300m",15,0.0081306291130427
"PB20120816St430m",22,0.0149055003063581
"PB20120816St475m",25,0.00769866927298699
"PB20120913St4150m",58,0.025539859356525
"PB20120913St4300m",38,0.0188692923497551
"PB20120913St430m",13,0.00149782135076253
"PB20120913St475m",26,0.010669656232181
"PB20121026St4150m",32,0.013982422097934
"PB20121026St4300m",27,0.00930875731462588
"PB20121115St4300m",35,0.0178042149588111
"PB20121115St430m",37,0.0110253121043674
"PB20121206St4150m",21,0.0178386031146767
"PB20121206St4300m",28,0.0146072880119498
"PB20121206St430m",24,0.012626528336034
"PB20121206St475m",28,0.0554884474029145
"PB20130212St4150m",43,0.0130250314005123
"PB20130212St430m",28,0.00822239278687946
"PB20130212St475m",54,0.0150546742645926
"PB20130314St4300m",37,0.0126618832885354
"PB20130314St430m",37,0.00998089160158062
"PB20130411St4300m",36,0.0177180600002923
"PB20130411St475m",27,0.00443730907307066
"PB20130509St4150m",48,0.0160201282178851
"PB20130509St4300m",42,0.0287950796757059
"PB20130509St430m",24,0.00566344766818024
"PB20130509St475m",39,0.0256828675802474
"PB20130605St430m",38,0.0295750790329447
"PB20130815St4150m",34,0.00811863936199749
"PB20130815St4300m",38,0.0140493468795356
"PB20130815St475m",51,0.0197429897808909
"PB20130919St4300m",52,0.0273596176821983
"PB20130919St430m",12,0.00334360398185143
"PB20130919St475m",59,0.0797706224423864
"PB20131024St4150m",50,0.0523009427064087
"PB20131024St4300m",36,0.0425504411241934
"PB20131024St430m",43,0.0166167410840445
"PB20131024St475m",37,0.094138793215982
"PB20131114St4150m",28,0.0143197290318253
"PB20131114St430m",45,0.0402189256791897
"PB20131114St475m",52,0.0378078965044488
"PB20140220St4150m",46,0.0257154086578952
"PB20140220St4300m",52,0.0423090222747313
"PB20140220St430m",45,0.0379404623451878
"PB20140220St475m",44,0.16137834060112
"PB20140320St4150m",49,0.0164380524284174
"PB20140320St4300m",47,0.0177025891976774
"PB20140320St475m",21,0.0197017759651281
"PB20140416St4150m",16,0.00495254887724939
"PB20140416St4300m",31,0.00857932237894431
"PB20140416St430m",18,0.00729203247330042
"PB20140416St475m",37,0.0139482136353101
"PB20140515St4150m",44,0.0209388383019417
"PB20140515St4300m",10,0.00346515877667827
"PB20140515St430m",0,0
"PB20140515St475m",23,0.00720383504071447
"PB20140612St4300m",49,0.0158219696025395
"PB20140612St430m",19,0.00301911585270469
"PB20140612St475m",48,0.0344894443657298
"PB20140715St4300m",52,0.0153014234518479
"PB20140715St430m",40,0.00961474922355118
"PB20140822St4150m",40,0.0142926076047095
"PB20140822St430m",22,0.012260354561544
"PB20140822St475m",47,0.314233765792403
"PB20140925St4150m",60,0.023489985436209
"PB20140925St4300m",43,0.0232775398987933
"PB20140925St430m",25,0.00665492097826466
"PB20140925St475m",41,0.180920961437166
"PCRBlankD",0,0
"AA1AE",0,0
"AA1BE",0,0
"AA1CE",0,0
"AA1MF13AA2",25,0.0108772283210797
"AA1MF13AB2",15,0.00845970302301276
"AA1MF13AC2",22,0.00883911264268792
"AA2highA",0,0
"AA2highB",0,0
"AA2highC",0,0
"AA2lowA",0,0
"AA2lowB",1,0.000449626503438621
"AA2lowC",0,0
"AA6A",0,0
"AA6B",0,0
"AA6C",0,0
"AA7A",1,1.94420141926704e-05
"AA7B",0,0
"AA7C",0,0
"AA8A",0,0
"AA8B",0,0
"AA8C",0,0
"ExtractBlank01E",0,0
"ExtractBlank02E",0,0
"ExtractBlank03E",0,0
"PB20110413St50m2",4,0.00482380420432619
"PB20110614St4150m",8,0.0114492785842911
"PB20110614St475m",7,0.0103984874927283
"PB20110726St4300m2",27,0.0512757605495584
"PB20110726St430m",12,0.00546310152714422
"PB20110907St475m2",32,0.0970702212797112
"PB20120217St4150m2",25,0.0130325636049638
"PB20120217St430mB2",43,0.0334418432839267
"PB20120515St60m2",28,0.00838349965657953
"PB20120726St475m2",33,0.0486241289011634
"PB20120816St40m2",21,0.00604853261732565
"PB20120913St10m2",15,0.0102246543778802
"PB20121026St30m2",10,0.00783818997787107
"PB20121026St40m2",9,0.00815852776422696
"PB20121115St4150m2",41,0.0336328779235354
"PB20121206St40m2",20,0.0154671717171717
"PB20121206St430m2",45,0.0270141814818621
"PB20121206St475m2",45,0.210261283591155
"PB20130212St4300m",22,0.0129479671901026
"PB20130314St4150m",8,0.00804841335667988
"PB20130314St475m",3,0.00234741784037559
"PB20130411St4150m",4,0.00799063517915309
"PB20130411St430m",6,0.00969322926120893
"PB20130815St10m2",19,0.0119054731038721
"PB20130815St430m",7,0.00187841195922281
"PB20130815St50m2",9,0.00463490616214573
"PB20130815St70m2",5,0.00231693888786933
"PB20130919St60m2",12,0.00439867962305867
"PB20131024St430m2",30,0.0160709499225005
"PB20131024St50m2",5,0.0104663690934277
"PB20131114St60m2",9,0.0076748274235733
"PB20140320St475m2",22,0.105848693259972
"PB20140320St475mB",9,0.00651771448860034
"PB20140416St4150m2",14,0.00862409632952881
"PB20140416St475m2",26,0.0134703756971972
"PB20140515St20m2",0,0
"PB20140515St4300m2",24,0.00768928877712691
"PB20140515St430m2",2,0.00084155161078238
"PB20140515St50m2",3,0.00278756240338562
"PB20140612St4150m",39,0.0275726932362924
"PB20140612St430mB",9,0.00749196416567874
"PB20140715St4150m",4,0.00533461364060708
"PB20140715St475m",10,0.0182986602766583
"PB20140822St4300m",6,0.00384043954811762
"PB20140925St60m2",60,0.0184546426293711
"PCRBlankE",0,0
"TL01",17,0.0329965659682476
"TL02",16,0.0239584872818037
"TL03",12,0.0103804737975592
"TL04",11,0.0135238206993663
"TL05",22,0.0594218994171818
"TL06",16,0.0392777320315257
"TL07",18,0.0358894710456212
"TL08",17,0.0175447948157568
"TL09",21,0.0273733255678509
"TL10",17,0.0160914158104689
"TL11",10,0.0494470464186754
"TL12",8,0.0143762278339383
"TL13",21,0.0270567786790267
"TL14",20,0.0117061144800086
"TL15",5,0.00134368232188305
"TL16",6,0.00215175458819749
"TL17",3,0.00352443857331572
"TL18",5,0.00896690902845365
"TL19",20,0.0491817814602812
"TL20",19,0.0196588102570357
"TL21",24,0.0338614513057991
"TL22",26,0.0325416750834464
"TL23",18,0.0277792127285877
"TL24",16,0.0270518263022906
"TL25",29,0.0588468734055219
"TL26",23,0.0383483849804722
"EMAA1ATM01",0,0
"EMAA1BTM01",0,0
"EMAA1CTM01",0,0
"EMMF13ATM01",5,0.0116941224323775
"EMMF13BTM01",6,0.00640052072032979
"EMMF13CTM01",6,0.00829141047139929
"EMNTCTM01",0,0
"MBAA1A",0,0
"MBAA1B",0,0
"MBAA1C",0,0
"MBMF13A",21,0.0141267980211044
"MBMF13B",17,0.0138869127230301
"MBMF13C",19,0.0149068322981366
"MBNTC",0,0
"EMAA1A",0,0
"EMAA1B",0,0
"EMAA1C",0,0
"EMAA2A",0,0
"EMAA2B",0,0
"EMAA2C",0,0
"EMMF13A",31,0.0146087107976008
"EMMF13B",30,0.0146287745116442
"EMMF13C",25,0.0134816735678336
"EMNTC",0,0
"MB1AA1A",0,0
"MB1AA1B",0,0
"MB1AA1C",0,0
"MB1AA2A",0,0
"MB1AA2B",0,0
"MB1AA2C",0,0
"MB1MF13A",10,0.0143808444318504
"MB1MF13B",9,0.0135367278224421
"MB1MF13C",8,0.0118737505300781
"MB1NTC",2,0.0269476675349278
"MB2AA1A",3,0.000303909799571487
"MB2AA1B",0,0
"MB2AA1C",0,0
"MB2AA2A",0,0
"MB2AA2B",0,0
"MB2AA2C",0,0
"MB2MF13A",26,0.0142321871034024
"MB2MF13B",25,0.0178990382374419
"MB2MF13C",24,0.0178026527639347
"MB2NTC",0,0
"AA1A6",0,0
"AA1B6",0,0
"AA1C6",0,0
"AA3A6",0,0
"AA3B6",1,1.17821712185121e-05
"AA3C6",0,0
"AA4A6",0,0
"AA4B6",0,0
"AA4C6",0,0
"ExtractBlank016",0,0
"ExtractBlank026",0,0
"ExtractBlank036",0,0
"PB20110413St10m6",13,0.0108313441646775
"PB20110413St4150m6",24,0.00873704507110147
"PB20110413St4300m6",41,0.0187840933133411
"PB20110413St50m6",17,0.017016566051822
"PB20110614St40m6",25,0.00557975309914693
"PB20110614St4150m6",42,0.0197129505042175
"PB20110614St475m6",33,0.0140695567514942
"PB20110907St430m6",28,0.00852052672347018
"PB20111028St50m6",39,0.0138253835123509
"PB20111028St70m6",20,0.00445250378845925
"PB20111214St70m6",27,0.0141194900493667
"PB20120217St10m6",34,0.0150607664127464
"PB20120217St50m6",35,0.0175439902897439
"PB20120217St60m6",30,0.0153640225804574
"PB20120313St10m6",25,0.0312894010246261
"PB20120313St70m6",21,0.0491246367031433
"PB20120412St10m6",10,0.0148300405999966
"PB20120614St10m6",44,0.0109891802394979
"PB20120614St40m6",27,0.015199759139471
"PB20120614St60m6",31,0.0148870831174411
"PB20120614St70m6",23,0.0169670307053088
"PB20120816St4150m6",36,0.0260260529393577
"PB20120816St4300m6",32,0.0135963103947532
"PB20120816St430m6",24,0.0132125941322793
"PB20120816St475m6",46,0.0153770451470046
"PB20120816St50m6",28,0.00846625970958567
"PB20120913St30m6",22,0.0150468496032125
"PB20120913St40m6",25,0.00835474930713026
"PB20120913St430m6",22,0.00370744860128075
"PB20120913St60m6",56,0.0164464782888447
"PB20121026St30m6",20,0.00857681730536209
"PB20121026St40m6",22,0.00688128530790496
"PB20121026St4150m6",58,0.0161545476540545
"PB20121026St4300m6",35,0.00940864361291915
"PB20121115St40m6",37,0.0141430153940181
"PB20121206St40m6",45,0.0214368971400578
"PB20121206St4150m6",40,0.0243424277078909
"PB20121206St4300m6",38,0.0173342117818116
"PB20121206St60m6",38,0.011420009569137
"PB20130212St10m6",26,0.0063681216909535
"PB20130212St50m6",33,0.0103860646314983
"PB20130212St60m6",25,0.0156347077354891
"PB20130314St4150m6",37,0.0140714190893402
"PB20130314St475m6",18,0.00148524357602762
"PB20130314St70m6",33,0.0132125489666351
"PB20130411St20m6",29,0.0159256334680666
"PB20130411St40m6",22,0.0260309642854172
"PB20130411St4150m6",14,0.00441040782432183
"PB20130411St430m6",29,0.0225768054066284
"PB20130411St60m6",11,0.00357568533969011
"PB20130411St70m6",16,0.00448859217008037
"PB20130509St10m6",17,0.0234942137715275
"PB20130509St60m6",12,0.00460482846251588
"PB20130605St40m6",46,0.120393049384054
"PB20130605St60m6",27,0.074230594960092
"PB20130815St20m6",33,0.0115290608323834
"PB20130815St430m6",28,0.00735536411994539
"PB20130815St60m6",33,0.0136974434005852
"PB20130919St10m6",42,0.034705263366887
"PB20130919St50m6",32,0.0117854792900394
"PB20131024St20m6",29,0.0182952285061762
"PB20131024St40m6",35,0.0134908556246292
"PB20131024St50m6",17,0.00791383393170881
"PB20131114St20m6",56,0.0150523597355053
"PB20131114St4150m6",61,0.0269086697671052
"PB20131114St50m6",26,0.0158498168136437
"PB20131212St40m6",34,0.00979667426641663
"PB20140220St10m6",32,0.00945473251028807
"PB20140220St20m6",20,0.00912849577255412
"PB20140220St40m6",19,0.00802851622359918
"PB20140220St50m6",18,0.00629968611575582
"PB20140320St10m6",51,0.00893653941497273
"PB20140320St40m6",33,0.0119892817882008
"PB20140416St20m6",12,0.00227158001009591
"PB20140416St30m6",7,0.00197951561974066
"PB20140416St60m6",5,0.000658529346293685
"PB20140515St30m6",7,0.00206547919117235
"PB20140515St430m6",5,0.00112965039412247
"PB20140515St50m6",19,0.00326333964245664
"PB20140515St70m6",7,0.00334512899615885
"PB20140715St40m6",36,0.0112446101962405
"PB20140715St4150m6",42,0.0157298112422651
"PB20140715St475m6",44,0.0731761251061421
"PCRBlank6",0,0
"AA1AAC",1,4.1685772645796e-05
"AA1BAC",0,0
"AA1CAC",0,0
"ACS00C02N05",68,0.150444164855694
"ACS00C02N07",43,0.0139083583281777
"ACS00C02N12",39,0.0230404318090385
"ACS00C02N24",57,0.0238377441268044
"ACS01C02N05",57,0.12726051352043
"ACS01C02N07",61,0.0196670511863563
"ACS01C02N12",56,0.0695495080504113
"ACS01C02N14",43,0.0786538406207141
"ACS02C02N05",48,0.0868207816968541
"ACS02C02N07",30,0.168180023687327
"ACS02C02N14",41,0.0623441164426907
"ACS02C02N15",38,0.083387655550754
"ACS03C02N05",53,0.0988828048217903
"ACS03C02N07",37,0.210534046987321
"ACS03C02N14",41,0.0463526088401462
"ACS07C02N05",42,0.0993211946027271
"ACS07C02N07",35,0.00659602473693112
"ACS07C02N12",34,0.00841462718922928
"ACS07C02N14",30,0.00610451937657303
"ACS08C02N05",46,0.0330715051737631
"ACS08C02N07",28,0.011565334582262
"ACS08C02N10",27,0.00792533500182491
"ACS08C02N13",26,0.00787937191769174
"ACS09C02N00",39,0.010461802066
"ACS09C02N05",51,0.0458794096037053
"ACS09C02N07",54,0.0114188659524432
"ACS09C02N14",52,0.013125745225669
"ACS10C02N05",47,0.0746271789436125
"ACS10C02N07",34,0.00852403560333928
"ACS10C02N10",48,0.0115618501818598
"ACS10C02N13",35,0.00808090662244118
"ACS11C02N05",60,0.0650665514727719
"ACS11C02N07",33,0.0104448353857753
"ACS11C02N12",32,0.0109880630169188
"ACS11C02N14",27,0.00962027794088863
"ACS12C02N05",55,0.0870949846931438
"ACS12C02N07",37,0.0128380545163014
"ACS12C02N10",32,0.0134937523321601
"ACS12C02N13",32,0.0121206701730711
"ACS13C02N05",56,0.0897642578444429
"ACS13C02N07",29,0.0154100505711356
"ACS13C02N10",36,0.0204377232499049
"ACS13C02N13",30,0.0175027901026213
"ACS14C02N05",50,0.076431923200917
"ACS14C02N07",41,0.0288453942170959
"ACS14C02N10",36,0.00992322907237923
"ACS14C02N13",41,0.0146755331346022
"ACS15C02N05",57,0.0729382511396602
"ACS15C02N07",48,0.0209722632633992
"ACS15C02N10",42,0.0206953962907035
"ACS15C02N13",39,0.0145806056690075
"ACS16C02N05",43,0.0612424659296721
"ACS16C02N07",43,0.0320334788112377
"ACS16C02N10",44,0.0166102903828904
"ACS16C02N13",40,0.0131948051948052
"ACS17C01N05",52,0.0397452742222599
"ACS17C02N07",51,0.0197132043285889
"ACS17C02N10",43,0.0288251406647087
"ACS17C02N13",35,0.0341315521447689
"ACS19C01N01",52,0.05373329786581
"ACS19C01N06",41,0.0427891769128358
"ACS19C01N11",41,0.0460702101496843
"ACS19C01N16",44,0.0621763609317039
"ACS19C01N21",53,0.0433374041658186
"ACS20C02N01",53,0.0471661752519705
"ACS20C02N06",45,0.052618350202527
"ACS20C02N11",34,0.0368233002427109
"ACS20C02N16",37,0.0611676957050791
"ACS20C02N21",43,0.0340714410048281
"ACS21C02N01",62,0.147286700370956
"ACS21C02N06",47,0.0264650075015444
"ACS21C02N11",44,0.0183584424137647
"ACS21C02N16",40,0.0158437790347031
"ACS21C02N23",45,0.0231147737130208
"ACS22C02N01",57,0.0221787842669845
"ACS22C02N06",43,0.0152045987958774
"ACS22C02N11",36,0.0486975840044432
"ACS22C02N16",48,0.0111805216454226
"ACS22C02N21",39,0.0180600434757065
"ACS23C02N01",72,0.0404776227637185
"ACS23C02N06",53,0.0289079119094842
"ACS23C02N11",36,0.0462617975811286
"ACS23C02N16",48,0.0570790040461751
"ACS23C02N21",46,0.0326543255161845
"ExtractBlank08",0,0
"ExtractBlank09",0,0
"PB20140715St60mAC",44,0.0126564408083746
"PB20140822St4300mAC",29,0.0165392580715969
"PB20140822St70mAC",9,0.0186496312058091
"PB20140925St40mAC",33,0.00986415052147068
"PCRBlankAC",0,0
