"","rm.prok.asvs.no.conflict","rm.prok.asvs.w.conflict","total.rm.prok.asv","rm.prok.rel.ab.no.conflict","rm.prok.rel.ab.w.conflict","total.rm.prok.rel.ab"
"AA1A",0,0,0,0,0,0
"AA1B",2,0,2,9.85833571576446e-05,0,9.85833571576446e-05
"AA1C",1,0,1,0.000145562173243247,0,0.000145562173243247
"AA1DeepA",15,0,15,0.00685139742448262,0,0.00685139742448262
"AA1DeepB",13,0,13,0.0057316591499876,0,0.0057316591499876
"AA1DeepC",15,0,15,0.00611520076907328,0,0.00611520076907328
"AA1MF09AA",22,0,22,0.0944614819316271,0,0.0944614819316271
"AA1MF09AB",20,0,20,0.0971116620992649,0,0.0971116620992649
"AA1MF09AC",21,0,21,0.0955020616263751,0,0.0955020616263751
"AA1MF13AA",27,0,27,0.0658634675028118,0,0.0658634675028118
"AA1MF13AB",22,0,22,0.0357000874612388,0,0.0357000874612388
"AA1MF13AC",22,0,22,0.0346288600994052,0,0.0346288600994052
"AA1PCRx1A",2,0,2,0.000128179565328852,0,0.000128179565328852
"AA1PCRx1B",0,0,0,0,0,0
"AA1PCRx1C",3,0,3,0.00307728926519093,0,0.00307728926519093
"AA2A",0,0,0,0,0,0
"AA2B",2,0,2,0.00116266871809217,0,0.00116266871809217
"AA2C",1,0,1,6.70537905507798e-05,0,6.70537905507798e-05
"AA2MF09AA",22,0,22,0.0476670250865711,0,0.0476670250865711
"AA2MF09AB",19,0,19,0.0432941840590846,0,0.0432941840590846
"AA2MF09AC",20,0,20,0.0463997695852535,0,0.0463997695852535
"AA2MF13AA",23,0,23,0.0303243938455676,0,0.0303243938455676
"AA2MF13AB",19,0,19,0.0325920123635825,0,0.0325920123635825
"AA2MF13AC",25,0,25,0.0313600362500118,0,0.0313600362500118
"AA3A",0,0,0,0,0,0
"AA3B",1,0,1,0.000216667118056496,0,0.000216667118056496
"AA3C",1,0,1,0.00182074834802889,0,0.00182074834802889
"AA3MF09AA",22,0,22,0.0543407478493334,0,0.0543407478493334
"AA3MF09AB",21,0,21,0.0571717709720373,0,0.0571717709720373
"AA3MF09AC",19,0,19,0.0477002814207947,0,0.0477002814207947
"AA3MF13AA",25,0,25,0.030619339885832,0,0.030619339885832
"AA3MF13AB",25,0,25,0.0279909506276893,0,0.0279909506276893
"AA3MF13AC",24,0,24,0.0260196401691635,0,0.0260196401691635
"AA4A",2,0,2,0.00172850363137386,0,0.00172850363137386
"AA4B",0,0,0,0,0,0
"AA4C",0,0,0,0,0,0
"AA4MF09AA",18,0,18,0.0473524283935243,0,0.0473524283935243
"AA4MF09AB",22,0,22,0.0463065049614112,0,0.0463065049614112
"AA4MF09AC",21,0,21,0.0425687576209186,0,0.0425687576209186
"AA4MF13AA",23,0,23,0.0315496131751829,0,0.0315496131751829
"AA4MF13AB",25,0,25,0.0313224945401602,0,0.0313224945401602
"AA4MF13AC",27,0,27,0.0342576389823664,0,0.0342576389823664
"AA5A",1,0,1,4.8686585722097e-05,0,4.8686585722097e-05
"AA5B",0,0,0,0,0,0
"AA5C",3,0,3,0.000207627646510966,0,0.000207627646510966
"DCSamplingBlank",40,0,40,0.111946946451549,0,0.111946946451549
"ExtrBlankPCA",30,0,30,0.702844386475369,0,0.702844386475369
"ExtrBlankPCB",33,0,33,0.799349151425276,0,0.799349151425276
"ExtrBlankPCC",46,0,46,0.596625310173697,0,0.596625310173697
"ExtrBlankPWA",14,0,14,0.269090575640173,0,0.269090575640173
"ExtrBlankPWB",46,0,46,0.855269300020006,0,0.855269300020006
"ExtrBlankPWC",27,0,27,0.467938285267886,0,0.467938285267886
"MF09APC",31,0,31,0.119287020109689,0,0.119287020109689
"MF09APCRx1A",27,0,27,0.0975023032040127,0,0.0975023032040127
"MF09APCRx1B",28,0,28,0.266496452713308,0,0.266496452713308
"MF09APCRx1C",31,0,31,0.154461071301227,0,0.154461071301227
"MF09APW",29,0,29,0.0623707634827522,0,0.0623707634827522
"MF10APC",29,0,29,0.0624627803877457,0,0.0624627803877457
"MF10APW",30,0,30,0.0728609931021881,0,0.0728609931021881
"MF11APC",22,0,22,0.0668435882314396,0,0.0668435882314396
"MF11APW",28,0,28,0.0382634578957935,0,0.0382634578957935
"MF13APC",54,1,55,0.0913258756647717,2.82131219230064e-05,0.0913540887866947
"MF13APCRx1A",53,0,53,0.0917984530432232,0,0.0917984530432232
"MF13APCRx1B",43,0,43,0.0913909019470881,0,0.0913909019470881
"MF13APCRx1C",41,0,41,0.305701904791595,0,0.305701904791595
"MF13APW",41,0,41,0.096353231329167,0,0.096353231329167
"MF14APC",49,1,50,0.120208785625202,4.61915100004619e-05,0.120254977135203
"MF14APW",41,0,41,0.113001651231244,0,0.113001651231244
"MF14BPC",46,0,46,0.114474769042133,0,0.114474769042133
"MF14BPW",43,0,43,0.117051347941877,0,0.117051347941877
"MOCK005PCA",38,0,38,0.0846708083341457,0,0.0846708083341457
"MOCK005PCB",39,0,39,0.0803989135767017,0,0.0803989135767017
"MOCK005PCC",47,0,47,0.104187531296945,0,0.104187531296945
"MOCK005PWA",29,0,29,0.0854150665057362,0,0.0854150665057362
"MOCK005PWB",32,0,32,0.0679654435547573,0,0.0679654435547573
"MOCK005PWC",28,0,28,0.0898120435771579,0,0.0898120435771579
"MOCK007PCA",5,0,5,0.000783644870583354,0,0.000783644870583354
"MOCK007PCB",8,0,8,0.00150997988200457,0,0.00150997988200457
"MOCK007PCC",8,0,8,0.0028666072111097,0,0.0028666072111097
"MOCK007PWA",4,0,4,0.000770629491730886,0,0.000770629491730886
"MOCK007PWB",4,0,4,0.000824929712621425,0,0.000824929712621425
"MOCK007PWC",5,0,5,0.00144480900763685,0,0.00144480900763685
"MOCK008PCA",4,0,4,0.000715926613588444,0,0.000715926613588444
"MOCK008PCB",8,0,8,0.000517737995405987,0,0.000517737995405987
"MOCK008PCC",8,0,8,0.000774352506379609,0,0.000774352506379609
"MOCK008PWA",6,0,6,0.0006338047162263,0,0.0006338047162263
"MOCK008PWB",7,0,7,0.000886952027767884,0,0.000886952027767884
"MOCK008PWC",4,0,4,0.000813329816231425,0,0.000813329816231425
"PB20121026St2000",74,0,74,0.146048930098409,0,0.146048930098409
"PB20121026St2075",72,1,73,0.253270586342474,0.000181000935171498,0.253451587277645
"PB20131114St4300A",69,1,70,0.156941890400883,1.83891136447223e-05,0.156960279514527
"PB20131114St4300B",67,0,67,0.177732871439569,0,0.177732871439569
"PB20131114St4300C",90,0,90,0.174080041332708,0,0.174080041332708
"PB20140925St1000",69,1,70,0.265280761241989,0.000390562587654672,0.265671323829644
"PB20140925St2000",71,1,72,0.186388819263779,6.05018193761398e-05,0.186449321083155
"PCRBlank",9,0,9,0.380715955412167,0,0.380715955412167
"AA1AA",2,0,2,0.000560750616035888,0,0.000560750616035888
"AA1BA",4,0,4,0.000598647180803792,0,0.000598647180803792
"AA1CA",3,0,3,0.00328953292234181,0,0.00328953292234181
"ExtractBlank01A",25,0,25,0.786006758099781,0,0.786006758099781
"ExtractBlank02A",32,0,32,0.229354125479617,0,0.229354125479617
"ExtractBlank03A",21,0,21,0.131037198811357,0,0.131037198811357
"PB20110322St10m",33,0,33,0.141846764709056,0,0.141846764709056
"PB20110413St10m",42,0,42,0.205776059338752,0,0.205776059338752
"PB20110413St20m",27,0,27,0.265920837960488,0,0.265920837960488
"PB20110726St20m",16,0,16,0.0733994066782159,0,0.0733994066782159
"PB20110726St40m",31,0,31,0.255548680649384,0,0.255548680649384
"PB20110907St20m",36,0,36,0.147969185741503,0,0.147969185741503
"PB20110907St30m",36,0,36,0.092570844695688,0,0.092570844695688
"PB20110907St40m",42,0,42,0.119970173161369,0,0.119970173161369
"PB20110907St50m",45,0,45,0.235942927441142,0,0.235942927441142
"PB20110907St70m",37,0,37,0.0852499647245756,0,0.0852499647245756
"PB20111028St40m",30,0,30,0.132439792057149,0,0.132439792057149
"PB20111117St70m",30,0,30,0.227981936670182,0,0.227981936670182
"PB20120217St20m",41,0,41,0.180614590422868,0,0.180614590422868
"PB20120515St10m",20,0,20,0.0416287932130771,0,0.0416287932130771
"PB20120515St20m",33,0,33,0.0683487819477952,0,0.0683487819477952
"PB20120515St50m",42,0,42,0.139994049488421,0,0.139994049488421
"PB20120614St20m",1,0,1,0.312883435582822,0,0.312883435582822
"PB20120614St50m",0,0,0,0,0,0
"PB20120614St70m",1,0,1,0.294117647058824,0,0.294117647058824
"PB20120726St10m",37,0,37,0.0562960260462313,0,0.0562960260462313
"PB20120726St20m",43,0,43,0.142184224958493,0,0.142184224958493
"PB20120726St50m",32,0,32,0.102624229145813,0,0.102624229145813
"PB20120726St70m",33,0,33,0.0680521231184004,0,0.0680521231184004
"PB20120816St20m",53,0,53,0.0571611690773501,0,0.0571611690773501
"PB20120816St30m",40,0,40,0.089789645691757,0,0.089789645691757
"PB20120913St10m",37,0,37,0.0981953911067835,0,0.0981953911067835
"PB20120913St30m",13,0,13,0.139624863319034,0,0.139624863319034
"PB20120913St40m",17,0,17,0.175372464548555,0,0.175372464548555
"PB20120913St70m",25,0,25,0.101040897640369,0,0.101040897640369
"PB20121026St10m",69,1,70,0.174341321143626,5.60876088450159e-05,0.174397408752471
"PB20121026St30m",88,0,88,0.639773385694972,0,0.639773385694972
"PB20121026St50m",83,1,84,0.244407760631437,0.00010693257232986,0.244514693203767
"PB20121026St60m",67,0,67,0.223098766604234,0,0.223098766604234
"PB20121115St60m",61,0,61,0.122755930512088,0,0.122755930512088
"PB20121206St10m",44,1,45,0.0827881302927716,2.97834741429805e-05,0.0828179137669145
"PB20121206St20m",64,0,64,0.200541371134335,0,0.200541371134335
"PB20121206St60m",89,1,90,0.419548915886764,0.000188920537115619,0.41973783642388
"PB20130212St10m",76,0,76,0.447170094580393,0,0.447170094580393
"PB20130212St50m",93,1,94,0.601186935775936,6.60877380810764e-05,0.601253023514017
"PB20130314St10m",12,0,12,0.0476722532588454,0,0.0476722532588454
"PB20130314St70m",41,0,41,0.257586228560658,0,0.257586228560658
"PB20130411St40m",35,0,35,0.368692783169214,0,0.368692783169214
"PB20130411St50m",58,0,58,0.431073602656336,0,0.431073602656336
"PB20130509St10m",25,0,25,0.637588749174121,0,0.637588749174121
"PB20130509St30m",54,0,54,0.456605746499364,0,0.456605746499364
"PB20130509St40m",32,0,32,0.432807517406646,0,0.432807517406646
"PB20130509St60m",25,0,25,0.53330984782925,0,0.53330984782925
"PB20130605St20m",11,0,11,0.03911546325191,0,0.03911546325191
"PB20130605St30m",18,0,18,0.0548047926980697,0,0.0548047926980697
"PB20130815St30m",35,0,35,0.0757019064124783,0,0.0757019064124783
"PB20130815St40m",17,0,17,0.0306623818123871,0,0.0306623818123871
"PB20130815St60m",35,0,35,0.108411031182919,0,0.108411031182919
"PB20130919St20m",39,0,39,0.0937452582749875,0,0.0937452582749875
"PB20130919St50m",2,0,2,0.375838926174497,0,0.375838926174497
"PB20131024St20m",45,0,45,0.60421637097124,0,0.60421637097124
"PB20131024St50m",40,0,40,0.570754716981132,0,0.570754716981132
"PB20131024St60m",50,0,50,0.252845228987807,0,0.252845228987807
"PB20131114St10m",33,0,33,0.032009789231845,0,0.032009789231845
"PB20131114St40m",58,0,58,0.117830126868783,0,0.117830126868783
"PB20131114St50m",1,0,1,0.213333333333333,0,0.213333333333333
"PB20131114St60m",23,0,23,0.0881022543990492,0,0.0881022543990492
"PB20131212St10m",55,1,56,0.186898982715439,6.9571132618039e-05,0.186968553848057
"PB20131212St40m",72,1,73,0.591585760517799,4.37330534417913e-05,0.591629493571241
"PB20131212St50m",86,1,87,0.420745525459787,7.7080796090462e-05,0.420822606255877
"PB20131212St70m",48,0,48,0.276688931518247,0,0.276688931518247
"PB20140220St10m",75,0,75,0.366046797935966,0,0.366046797935966
"PB20140220St20m",36,0,36,0.420445683375645,0,0.420445683375645
"PB20140220St30m",44,0,44,0.257326220156349,0,0.257326220156349
"PB20140220St40m",86,0,86,0.552067314552055,0,0.552067314552055
"PB20140220St60m",59,0,59,0.220343505292811,0,0.220343505292811
"PB20140220St70m",62,0,62,0.200393946973487,0,0.200393946973487
"PB20140320St30m",34,0,34,0.0502687575801907,0,0.0502687575801907
"PB20140320St40m",50,0,50,0.308293304010649,0,0.308293304010649
"PB20140320St60m",68,1,69,0.292476957029729,1.94729326236531e-05,0.292496429962352
"PB20140320St70m",65,1,66,0.340605064713687,4.7219034937364e-05,0.340652283748625
"PB20140416St70m",29,0,29,0.138144156950692,0,0.138144156950692
"PB20140515St10m",19,0,19,0.0447195304498543,0,0.0447195304498543
"PB20140515St30m",0,0,0,0,0,0
"PB20140515St40m",12,0,12,0.0632836126915783,0,0.0632836126915783
"PB20140515St70m",0,0,0,0,0,0
"PB20140612St10m",56,0,56,0.169507196644743,0,0.169507196644743
"PB20140612St60m",71,0,71,0.1912110088551,0,0.1912110088551
"PB20140715St30m",97,1,98,0.208805679606092,4.90749374294548e-05,0.208854754543521
"PB20140715St60m",73,0,73,0.344140862173649,0,0.344140862173649
"PB20140715St70m",94,0,94,0.269271177866843,0,0.269271177866843
"PB20140822St40m",114,1,115,0.534502380618789,0.000855400452772309,0.535357781071561
"PB20140925St40m",120,2,122,0.431777628334454,0.000147948890383322,0.431925577224837
"PB20140925St50m",42,0,42,0.135678629058893,0,0.135678629058893
"PB20140925St70m",86,1,87,0.329228780222466,0.000197081615438585,0.329425861837904
"PCRBlankA",34,0,34,0.526929737562886,0,0.526929737562886
"AA1AB",1,0,1,0.000266651429442127,0,0.000266651429442127
"AA1BB",2,0,2,0.000397164853965538,0,0.000397164853965538
"AA1CB",2,0,2,0.000596187381694066,0,0.000596187381694066
"ExtractBlank01B",36,0,36,0.255644148485645,0,0.255644148485645
"ExtractBlank02B",34,0,34,0.353978089625985,0,0.353978089625985
"ExtractBlank03B",31,0,31,0.628411587506512,0,0.628411587506512
"PB20110322St20m",30,0,30,0.163278586621859,0,0.163278586621859
"PB20110322St30m",48,0,48,0.350036612638287,0,0.350036612638287
"PB20110322St40m",51,0,51,0.330565382252632,0,0.330565382252632
"PB20110413St30m",48,0,48,0.370921980115258,0,0.370921980115258
"PB20110413St50m",38,0,38,0.734362874437374,0,0.734362874437374
"PB20110614St20m",17,0,17,0.285215139326948,0,0.285215139326948
"PB20110614St30m",15,0,15,0.256485832915089,0,0.256485832915089
"PB20110614St50m",26,0,26,0.153866203948495,0,0.153866203948495
"PB20110726St10m",18,0,18,0.0427287300561491,0,0.0427287300561491
"PB20110726St30m",23,0,23,0.0642575736992256,0,0.0642575736992256
"PB20110726St50m",24,0,24,0.151197319617665,0,0.151197319617665
"PB20110726St60m",14,0,14,0.165094339622642,0,0.165094339622642
"PB20110907St10m",11,0,11,0.0515861897201208,0,0.0515861897201208
"PB20111028St20m",36,0,36,0.162652653561538,0,0.162652653561538
"PB20111028St30m",24,0,24,0.106904502936698,0,0.106904502936698
"PB20111028St50m",25,0,25,0.235017139413116,0,0.235017139413116
"PB20111028St70m",30,0,30,0.208274343243668,0,0.208274343243668
"PB20111214St10m",22,0,22,0.154439010905836,0,0.154439010905836
"PB20111214St70m",45,0,45,0.309276702133845,0,0.309276702133845
"PB20120217St10m",22,0,22,0.14878533053025,0,0.14878533053025
"PB20120217St30m",33,0,33,0.122391115205486,0,0.122391115205486
"PB20120217St40m",44,0,44,0.144143202083769,0,0.144143202083769
"PB20120217St50m",42,0,42,0.256965427750487,0,0.256965427750487
"PB20120313St10m",47,0,47,0.375265228656424,0,0.375265228656424
"PB20120313St70m",47,0,47,0.596560807411134,0,0.596560807411134
"PB20120412St10m",28,0,28,0.765674753601213,0,0.765674753601213
"PB20120515St30m",33,0,33,0.0548773508043067,0,0.0548773508043067
"PB20120614St10m",25,0,25,0.0974649097679748,0,0.0974649097679748
"PB20120614St30m",1,0,1,0.294117647058824,0,0.294117647058824
"PB20120614St40m",2,0,2,0.224489795918367,0,0.224489795918367
"PB20120614St60m",0,0,0,0,0,0
"PB20120726St40m",46,0,46,0.213375165387145,0,0.213375165387145
"PB20120726St60m",44,0,44,0.150615870289527,0,0.150615870289527
"PB20120816St10m",50,0,50,0.11325631113454,0,0.11325631113454
"PB20120816St50m",52,0,52,0.219696573097823,0,0.219696573097823
"PB20120816St60m",65,0,65,0.0803019576878046,0,0.0803019576878046
"PB20120913St20m",0,0,0,0,0,0
"PB20120913St60m",41,0,41,0.229907178298836,0,0.229907178298836
"PB20121026St40m",53,0,53,0.47717008641229,0,0.47717008641229
"PB20121026St70m",50,0,50,0.183613230570373,0,0.183613230570373
"PB20121115St30m",35,0,35,0.0553617832188023,0,0.0553617832188023
"PB20121115St40m",33,0,33,0.148813127290107,0,0.148813127290107
"PB20121115St50m",31,0,31,0.0810607133750744,0,0.0810607133750744
"PB20121206St30m",86,1,87,0.249910314360977,8.19982985353054e-05,0.249992312659512
"PB20121206St50m",78,1,79,0.237399896790963,9.55639227078993e-05,0.237495460713671
"PB20130212St20m",67,0,67,0.390227956582699,0,0.390227956582699
"PB20130212St40m",98,1,99,0.386621585498891,2.88981844715606e-05,0.386650483683363
"PB20130212St60m",72,1,73,0.458911954187545,0.00015748031496063,0.459069434502505
"PB20130212St70m",77,1,78,0.399371475311034,0.000111929054199492,0.399483404365233
"PB20130314St20m",13,0,13,0.0746524064171123,0,0.0746524064171123
"PB20130314St30m",41,0,41,0.126640988038235,0,0.126640988038235
"PB20130314St40m",25,0,25,0.0784637792720385,0,0.0784637792720385
"PB20130314St50m",37,0,37,0.160904939055742,0,0.160904939055742
"PB20130411St20m",31,0,31,0.200513047650685,0,0.200513047650685
"PB20130411St60m",20,0,20,0.138876199177707,0,0.138876199177707
"PB20130411St70m",33,0,33,0.310025605672641,0,0.310025605672641
"PB20130509St50m",33,0,33,0.475521744147855,0,0.475521744147855
"PB20130815St20m",20,0,20,0.0737684729064039,0,0.0737684729064039
"PB20130815St70m",17,0,17,0.0266171658696199,0,0.0266171658696199
"PB20130919St10m",1,0,1,0.490196078431373,0,0.490196078431373
"PB20130919St30m",32,0,32,0.0779812186441405,0,0.0779812186441405
"PB20130919St40m",42,0,42,0.0923596780850186,0,0.0923596780850186
"PB20130919St70m",54,1,55,0.123947132832128,3.85048564250166e-05,0.123985637688553
"PB20131024St10m",48,1,49,0.274747785532687,3.23870905057244e-05,0.274780172623192
"PB20131024St30m",30,0,30,0.187699501292008,0,0.187699501292008
"PB20131024St40m",41,0,41,0.365534765534766,0,0.365534765534766
"PB20131024St70m",69,1,70,0.289282758731511,2.41035488458417e-05,0.289306862280356
"PB20131114St30m",31,0,31,0.0328899258279068,0,0.0328899258279068
"PB20131212St20m",80,0,80,0.454752514733903,0,0.454752514733903
"PB20131212St30m",59,0,59,0.337748389796212,0,0.337748389796212
"PB20131212St60m",73,1,74,0.280292343128582,4.78205771943667e-05,0.280340163705776
"PB20140320St10m",56,0,56,0.183762549105194,0,0.183762549105194
"PB20140320St50m",42,0,42,0.355209974652326,0,0.355209974652326
"PB20140416St10m",14,0,14,0.0836058651609111,0,0.0836058651609111
"PB20140416St20m",32,0,32,0.210250309955433,0,0.210250309955433
"PB20140416St40m",21,0,21,0.0285527577308523,0,0.0285527577308523
"PB20140416St50m",14,0,14,0.0390973858666251,0,0.0390973858666251
"PB20140515St60m",0,0,0,0,0,0
"PB20140612St20m",32,0,32,0.142258614095477,0,0.142258614095477
"PB20140612St30m",62,0,62,0.225379336182967,0,0.225379336182967
"PB20140612St70m",72,0,72,0.247480090511035,0,0.247480090511035
"PB20140715St40m",82,1,83,0.298454622084855,0.00015453779151447,0.29860915987637
"PB20140715St50m",72,0,72,0.21330971003846,0,0.21330971003846
"PB20140822St10m",71,1,72,0.295328796743831,0.000757864835071653,0.296086661578903
"PB20140822St20m",73,1,74,0.351715723346543,0.000136128505309012,0.351851851851852
"PB20140822St30m",62,0,62,0.144566473738209,0,0.144566473738209
"PB20140822St50m",35,0,35,0.077108798080206,0,0.077108798080206
"PB20140822St60m",23,0,23,0.0719668196043876,0,0.0719668196043876
"PB20140822St70m",61,1,62,0.396374442182327,7.19764739753635e-05,0.396446418656302
"PCRBlankB",18,0,18,0.387047161918926,0,0.387047161918926
"AA1AC",2,0,2,0.000335685619228072,0,0.000335685619228072
"AA1BC",2,0,2,0.000529289022342104,0,0.000529289022342104
"AA1CC",2,0,2,0.000174609050336297,0,0.000174609050336297
"ExtractBlank01C",24,0,24,0.240221328492135,0,0.240221328492135
"ExtractBlank02C",17,0,17,0.0870032057471708,0,0.0870032057471708
"ExtractBlank03C",15,0,15,0.243074300326751,0,0.243074300326751
"PB20110413St40m",31,0,31,0.471784929559261,0,0.471784929559261
"PB20110413St475m",87,0,87,0.198969595820332,0,0.198969595820332
"PB20110614St40m",18,0,18,0.18193423489142,0,0.18193423489142
"PB20110614St4300m",76,0,76,0.15440742402418,0,0.15440742402418
"PB20110614St430m",25,0,25,0.083087389727465,0,0.083087389727465
"PB20110614St60m",34,0,34,0.216488595893006,0,0.216488595893006
"PB20110614St70m",30,0,30,0.122927221754271,0,0.122927221754271
"PB20110726St4150m",59,0,59,0.143581976524044,0,0.143581976524044
"PB20110726St70m",22,0,22,0.142320506524019,0,0.142320506524019
"PB20110907St4150m",64,1,65,0.210906364676637,0.000187428481237423,0.211093793157874
"PB20110907St4300m",81,0,81,0.310412422317714,0,0.310412422317714
"PB20110907St60m",50,0,50,0.182419864169226,0,0.182419864169226
"PB20111028St10m",53,0,53,0.1400356719303,0,0.1400356719303
"PB20111028St4300m",94,0,94,0.258155176764381,0,0.258155176764381
"PB20111028St430m",69,0,69,0.212133894397224,0,0.212133894397224
"PB20111028St60m",35,0,35,0.120882066494518,0,0.120882066494518
"PB20111117St10m",38,0,38,0.293457306506504,0,0.293457306506504
"PB20111214St4150m",85,0,85,0.198550560096882,0,0.198550560096882
"PB20111214St4300m",109,0,109,0.240606476467622,0,0.240606476467622
"PB20111214St430m",82,0,82,0.188340353523277,0,0.188340353523277
"PB20120217St4300m",136,0,136,0.28277956794207,0,0.28277956794207
"PB20120217St430m",103,1,104,0.268720003727692,0.000167746144168492,0.268887749871861
"PB20120217St60m",42,0,42,0.273357410751493,0,0.273357410751493
"PB20120313St4150m",148,0,148,0.366887119597233,0,0.366887119597233
"PB20120313St4300m",119,0,119,0.39780626937398,0,0.39780626937398
"PB20120412St4150m",164,0,164,0.274242390751752,0,0.274242390751752
"PB20120412St4300m",161,0,161,0.303344795248515,0,0.303344795248515
"PB20120412St430m",67,0,67,0.232381837342913,0,0.232381837342913
"PB20120412St70m",50,0,50,0.313286745649759,0,0.313286745649759
"PB20120515St40m",31,0,31,0.0477944072469476,0,0.0477944072469476
"PB20120515St4150m",115,0,115,0.228161431601139,0,0.228161431601139
"PB20120515St430m",44,0,44,0.165913749905095,0,0.165913749905095
"PB20120515St60m",35,0,35,0.108390382521728,0,0.108390382521728
"PB20120614St20m2",88,0,88,0.184461331904734,0,0.184461331904734
"PB20120614St30m2",74,0,74,0.164288435446896,0,0.164288435446896
"PB20120614St40m2",74,0,74,0.202291300695028,0,0.202291300695028
"PB20120614St4150m",102,0,102,0.215610750800079,0,0.215610750800079
"PB20120614St4300m",124,0,124,0.275403756137012,0,0.275403756137012
"PB20120614St50m2",61,0,61,0.173242747247222,0,0.173242747247222
"PB20120614St60m2",65,0,65,0.247076153347979,0,0.247076153347979
"PB20120614St70m2",54,0,54,0.107632093933464,0,0.107632093933464
"PB20120726St30m",38,0,38,0.0597633104874664,0,0.0597633104874664
"PB20120726St4150m",101,0,101,0.163101667150012,0,0.163101667150012
"PB20120816St40m",46,0,46,0.112903225806452,0,0.112903225806452
"PB20120913St20m2",81,0,81,0.16836866359447,0,0.16836866359447
"PB20120913St30m2",66,0,66,0.329922337513527,0,0.329922337513527
"PB20120913St40m2",77,1,78,0.227832073268179,0.000331919601696478,0.228163992869875
"PB20121026St430m",62,0,62,0.203908050960753,0,0.203908050960753
"PB20121026St475m",82,0,82,0.12866078841144,0,0.12866078841144
"PB20121115St10m",53,0,53,0.0793260054997702,0,0.0793260054997702
"PB20121115St20m",39,0,39,0.0584847238161228,0,0.0584847238161228
"PB20121115St4150m",114,0,114,0.228742595197764,0,0.228742595197764
"PB20121115St475m",96,0,96,0.15525871894233,0,0.15525871894233
"PB20121206St40m",86,1,87,0.43835160532498,0.000313234142521535,0.438664839467502
"PB20130212St30m",79,1,80,0.386323375126842,0.000146191286999295,0.386469566413842
"PB20130314St60m",42,0,42,0.17044734507667,0,0.17044734507667
"PB20130411St10m",40,0,40,0.170703614621092,0,0.170703614621092
"PB20130411St30m",38,0,38,0.173281637928103,0,0.173281637928103
"PB20130411St60m2",21,0,21,0.191220719646649,0,0.191220719646649
"PB20130605St10m",17,0,17,0.0410151988946258,0,0.0410151988946258
"PB20130605St40m",27,0,27,0.250361077869022,0,0.250361077869022
"PB20130605St4150m",86,0,86,0.159717022934588,0,0.159717022934588
"PB20130605St4300m",123,0,123,0.273200514760665,0,0.273200514760665
"PB20130605St475m",50,0,50,0.0919980833732631,0,0.0919980833732631
"PB20130605St50m",30,0,30,0.12881518404908,0,0.12881518404908
"PB20130605St60m",34,0,34,0.174036839145107,0,0.174036839145107
"PB20130605St70m",30,0,30,0.13324932144242,0,0.13324932144242
"PB20130815St10m",1,0,1,0.344827586206897,0,0.344827586206897
"PB20130815St50m",25,0,25,0.0297540501132993,0,0.0297540501132993
"PB20130919St10m2",58,1,59,0.130199225045434,0.000171450125158591,0.130370675170593
"PB20130919St50m2",86,1,87,0.284820005586317,9.85820613509028e-05,0.284918587647668
"PB20130919St60m",1,0,1,0.0845771144278607,0,0.0845771144278607
"PB20131114St20m",57,0,57,0.310129517195268,0,0.310129517195268
"PB20131114St50m2",60,1,61,0.237531482105331,0.000192502045334232,0.237723984150665
"PB20140220St50m",45,0,45,0.518207686489212,0,0.518207686489212
"PB20140320St20m",39,0,39,0.105464484825696,0,0.105464484825696
"PB20140416St30m",19,0,19,0.342225161669606,0,0.342225161669606
"PB20140416St60m",15,0,15,0.116804526085867,0,0.116804526085867
"PB20140515St20m",6,0,6,0.00361565744857553,0,0.00361565744857553
"PB20140515St30m2",31,0,31,0.154202087592812,0,0.154202087592812
"PB20140515St50m",3,0,3,0.277272727272727,0,0.277272727272727
"PB20140515St60m2",42,0,42,0.0839017578319816,0,0.0839017578319816
"PB20140515St70m2",44,1,45,0.163356487913309,6.66851903306474e-05,0.16342317310364
"PB20140612St50m",41,0,41,0.141918005311211,0,0.141918005311211
"PB20140715St10m",19,0,19,0.0254331972291629,0,0.0254331972291629
"PB20140715St20m",23,0,23,0.069075946078224,0,0.069075946078224
"PB20140822St60m2",96,1,97,0.311992321404086,0.000224873166049637,0.312217194570136
"PB20140925St30m",90,1,91,0.157736260269848,9.55890435838244e-06,0.157745819174206
"PB20140925St60m",43,0,43,0.236661475457115,0,0.236661475457115
"PCRBlankC",15,0,15,0.195708956237001,0,0.195708956237001
"AA1AD",2,0,2,0.000297159999433981,0,0.000297159999433981
"AA1BD",1,0,1,0.000100829321166595,0,0.000100829321166595
"AA1CD",1,0,1,0.000222449615162166,0,0.000222449615162166
"ExtractBlank01D",26,0,26,0.151254980482576,0,0.151254980482576
"ExtractBlank02D",69,0,69,0.423384778667138,0,0.423384778667138
"ExtractBlank03D",19,0,19,0.277195218508005,0,0.277195218508005
"PB20110413St4150m",84,0,84,0.383333333333333,0,0.383333333333333
"PB20110413St4300m",103,0,103,0.477633549675487,0,0.477633549675487
"PB20110726St4300m",86,0,86,0.147080291970803,0,0.147080291970803
"PB20110726St475m",62,0,62,0.157728858580089,0,0.157728858580089
"PB20110907St430m",32,0,32,0.286997951455708,0,0.286997951455708
"PB20110907St475m",66,0,66,0.49167063303189,0,0.49167063303189
"PB20111028St4150m",75,0,75,0.161689416782595,0,0.161689416782595
"PB20111028St475m",75,0,75,0.228640719650431,0,0.228640719650431
"PB20111117St4150m",87,0,87,0.212907602265377,0,0.212907602265377
"PB20111117St4300m",92,0,92,0.267720741914018,0,0.267720741914018
"PB20111117St430m",70,0,70,0.30396066536304,0,0.30396066536304
"PB20120217St4150m",53,0,53,0.183020490921938,0,0.183020490921938
"PB20120217St430mB",98,0,98,0.580481718153288,0,0.580481718153288
"PB20120313St430m",43,0,43,0.233074552872119,0,0.233074552872119
"PB20120515St4300m",141,0,141,0.330777903043968,0,0.330777903043968
"PB20120515St475m",67,0,67,0.0906394220900898,0,0.0906394220900898
"PB20120614St430m",20,0,20,0.0807105761628205,0,0.0807105761628205
"PB20120614St475m",68,0,68,0.165349253731343,0,0.165349253731343
"PB20120726St4300m",148,0,148,0.333522551777679,0,0.333522551777679
"PB20120726St430m",26,0,26,0.127567905719014,0,0.127567905719014
"PB20120726St475m",82,0,82,0.5224702579869,0,0.5224702579869
"PB20120816St4150m",140,0,140,0.518739344617442,0,0.518739344617442
"PB20120816St4300m",171,0,171,0.722907261415448,0,0.722907261415448
"PB20120816St430m",47,0,47,0.178206155441391,0,0.178206155441391
"PB20120816St475m",114,0,114,0.55377791143523,0,0.55377791143523
"PB20120913St4150m",88,0,88,0.277341464932479,0,0.277341464932479
"PB20120913St4300m",109,0,109,0.310773723837239,0,0.310773723837239
"PB20120913St430m",41,0,41,0.122932758962171,0,0.122932758962171
"PB20120913St475m",54,0,54,0.175353480685409,0,0.175353480685409
"PB20121026St4150m",110,1,111,0.519499296122969,5.70711106038124e-05,0.519556367233573
"PB20121026St4300m",114,1,115,0.530346211571865,5.05910723620972e-05,0.530396802644227
"PB20121115St4300m",107,0,107,0.312462950471168,0,0.312462950471168
"PB20121115St430m",81,0,81,0.129184797645698,0,0.129184797645698
"PB20121206St4150m",81,0,81,0.405049551675319,0,0.405049551675319
"PB20121206St4300m",112,0,112,0.450151109875986,0,0.450151109875986
"PB20121206St430m",106,1,107,0.51964477366948,0.00016835371114712,0.519813127380627
"PB20121206St475m",101,1,102,0.437482330566193,0.000154205967770953,0.437636536533964
"PB20130212St4150m",127,1,128,0.275651993314411,6.92294759328672e-05,0.275721222790343
"PB20130212St430m",86,1,87,0.25589991971698,5.29338591430008e-05,0.255952853576123
"PB20130212St475m",152,1,153,0.269236100415832,6.93054058216541e-05,0.269305405821654
"PB20130314St4300m",114,0,114,0.242308461247973,0,0.242308461247973
"PB20130314St430m",50,0,50,0.142005083205016,0,0.142005083205016
"PB20130411St4300m",103,0,103,0.160719243639764,0,0.160719243639764
"PB20130411St475m",52,0,52,0.0386945243457385,0,0.0386945243457385
"PB20130509St4150m",93,0,93,0.132844816557449,0,0.132844816557449
"PB20130509St4300m",93,1,94,0.171594665263366,9.04471377592133e-05,0.171685112401125
"PB20130509St430m",25,0,25,0.147732844443497,0,0.147732844443497
"PB20130509St475m",68,0,68,0.0877853394403545,0,0.0877853394403545
"PB20130605St430m",28,0,28,0.143735789921828,0,0.143735789921828
"PB20130815St4150m",24,0,24,0.220543604178036,0,0.220543604178036
"PB20130815St4300m",124,0,124,0.22200290275762,0,0.22200290275762
"PB20130815St475m",105,0,105,0.117523491989923,0,0.117523491989923
"PB20130919St4300m",110,0,110,0.174575866188769,0,0.174575866188769
"PB20130919St430m",46,0,46,0.110533622265863,0,0.110533622265863
"PB20130919St475m",98,0,98,0.170525522291622,0,0.170525522291622
"PB20131024St4150m",59,0,59,0.0755816239081038,0,0.0755816239081038
"PB20131024St4300m",51,0,51,0.109230752658056,0,0.109230752658056
"PB20131024St430m",73,1,74,0.180218165376137,0.00012434296049285,0.18034250833663
"PB20131024St475m",60,0,60,0.182071957183166,0,0.182071957183166
"PB20131114St4150m",84,0,84,0.468543546061236,0,0.468543546061236
"PB20131114St430m",69,1,70,0.196083772918266,5.77858127574564e-05,0.196141558731024
"PB20131114St475m",53,1,54,0.104020021898952,0.000193226046871118,0.104213247945823
"PB20140220St4150m",99,0,99,0.173195336040875,0,0.173195336040875
"PB20140220St4300m",121,0,121,0.20002593435726,0,0.20002593435726
"PB20140220St430m",92,0,92,0.188631123625309,0,0.188631123625309
"PB20140220St475m",95,0,95,0.148580898415595,0,0.148580898415595
"PB20140320St4150m",121,0,121,0.213603974964977,0,0.213603974964977
"PB20140320St4300m",99,0,99,0.1772358762736,0,0.1772358762736
"PB20140320St475m",111,0,111,0.595628061543773,0,0.595628061543773
"PB20140416St4150m",35,0,35,0.0693270410897336,0,0.0693270410897336
"PB20140416St4300m",108,0,108,0.28734428772236,0,0.28734428772236
"PB20140416St430m",61,0,61,0.375584429892513,0,0.375584429892513
"PB20140416St475m",109,1,110,0.308218270918182,8.27787159365584e-05,0.308301049634118
"PB20140515St4150m",127,1,128,0.242709242858925,7.48409629537233e-05,0.242784083821878
"PB20140515St4300m",119,0,119,0.627245457366479,0,0.627245457366479
"PB20140515St430m",1,0,1,0.75,0,0.75
"PB20140515St475m",119,0,119,0.231120304701865,0,0.231120304701865
"PB20140612St4300m",135,0,135,0.28226094616043,0,0.28226094616043
"PB20140612St430m",27,0,27,0.110103870099803,0,0.110103870099803
"PB20140612St475m",109,0,109,0.311314774905107,0,0.311314774905107
"PB20140715St4300m",120,0,120,0.305627239816529,0,0.305627239816529
"PB20140715St430m",75,0,75,0.225855745721271,0,0.225855745721271
"PB20140822St4150m",55,1,56,0.0819050376375217,3.8602586373287e-05,0.081943640223895
"PB20140822St430m",109,1,110,0.416995422141805,0.000262015641839449,0.417257437783644
"PB20140822St475m",121,1,122,0.113586351625757,7.64662401549716e-05,0.113662817865912
"PB20140925St4150m",112,0,112,0.193087680285638,0,0.193087680285638
"PB20140925St4300m",93,0,93,0.206885515332382,0,0.206885515332382
"PB20140925St430m",94,0,94,0.457802742211213,0,0.457802742211213
"PB20140925St475m",109,0,109,0.262047997930008,0,0.262047997930008
"PCRBlankD",9,0,9,0.786750788643533,0,0.786750788643533
"AA1AE",1,0,1,0.000209071816168854,0,0.000209071816168854
"AA1BE",0,0,0,0,0,0
"AA1CE",3,0,3,0.00278510947105335,0,0.00278510947105335
"AA1MF13AA2",34,0,34,0.0710142008258636,0,0.0710142008258636
"AA1MF13AB2",38,0,38,0.0777641931730788,0,0.0777641931730788
"AA1MF13AC2",33,0,33,0.0664570320913203,0,0.0664570320913203
"AA2highA",1,0,1,0.000109163602125961,0,0.000109163602125961
"AA2highB",1,0,1,0.000164922761173517,0,0.000164922761173517
"AA2highC",1,0,1,0.000122153640537763,0,0.000122153640537763
"AA2lowA",4,0,4,0.000871217526493274,0,0.000871217526493274
"AA2lowB",2,0,2,0.000372985622170674,0,0.000372985622170674
"AA2lowC",1,0,1,4.09601048578684e-05,0,4.09601048578684e-05
"AA6A",0,0,0,0,0,0
"AA6B",1,0,1,9.3951534429882e-05,0,9.3951534429882e-05
"AA6C",1,0,1,7.77527241222273e-05,0,7.77527241222273e-05
"AA7A",0,0,0,0,0,0
"AA7B",0,0,0,0,0,0
"AA7C",2,0,2,0.000605133877736929,0,0.000605133877736929
"AA8A",0,0,0,0,0,0
"AA8B",1,0,1,5.30576357517509e-05,0,5.30576357517509e-05
"AA8C",0,0,0,0,0,0
"ExtractBlank01E",23,0,23,0.13422110070354,0,0.13422110070354
"ExtractBlank02E",7,0,7,0.158858792184725,0,0.158858792184725
"ExtractBlank03E",15,0,15,0.543693035552773,0,0.543693035552773
"PB20110413St50m2",29,0,29,0.632849260350022,0,0.632849260350022
"PB20110614St4150m",42,0,42,0.412240723861186,0,0.412240723861186
"PB20110614St475m",29,0,29,0.401141652123328,0,0.401141652123328
"PB20110726St4300m2",49,0,49,0.104497309735711,0,0.104497309735711
"PB20110726St430m",23,0,23,0.220065629338478,0,0.220065629338478
"PB20110907St475m2",51,0,51,0.280216104315775,0,0.280216104315775
"PB20120217St4150m2",38,0,38,0.127290045756405,0,0.127290045756405
"PB20120217St430mB2",68,0,68,0.262928845177079,0,0.262928845177079
"PB20120515St60m2",23,0,23,0.0644351069990438,0,0.0644351069990438
"PB20120726St475m2",59,0,59,0.195626976517894,0,0.195626976517894
"PB20120816St40m2",34,0,34,0.0581828417998354,0,0.0581828417998354
"PB20120913St10m2",64,1,65,0.287042370711726,0.000240015360983103,0.287282386072709
"PB20121026St30m2",59,1,60,0.494157549686679,0.000124087440282919,0.494281637126962
"PB20121026St40m2",53,0,53,0.517906706814473,0,0.517906706814473
"PB20121115St4150m2",82,0,82,0.177898880321026,0,0.177898880321026
"PB20121206St40m2",64,1,65,0.383229617604618,0.000202922077922078,0.38343253968254
"PB20121206St430m2",72,0,72,0.183806905765081,0,0.183806905765081
"PB20121206St475m2",62,1,63,0.085380071125567,1.95938201091376e-05,0.0853996649456761
"PB20130212St4300m",102,0,102,0.351417886212929,0,0.351417886212929
"PB20130314St4150m",76,0,76,0.640401806285135,0,0.640401806285135
"PB20130314St475m",22,0,22,0.322313510693792,0,0.322313510693792
"PB20130411St4150m",29,0,29,0.190248371335505,0,0.190248371335505
"PB20130411St430m",27,0,27,0.356561989471773,0,0.356561989471773
"PB20130815St10m2",26,1,27,0.0499347119216884,4.26719466088604e-05,0.0499773838682973
"PB20130815St430m",46,0,46,0.26644099634101,0,0.26644099634101
"PB20130815St50m2",45,1,46,0.188496314869691,0.000121571309171036,0.188617886178862
"PB20130815St70m2",45,1,46,0.230248669480639,0.00038997981280969,0.230638649293448
"PB20130919St60m2",51,1,52,0.0859172677164746,8.50359856830322e-05,0.0860023037021576
"PB20131024St430m2",41,0,41,0.106413229689885,0,0.106413229689885
"PB20131024St50m2",25,0,25,0.393258426966292,0,0.393258426966292
"PB20131114St60m2",55,1,56,0.276872615015221,0.000471637439437465,0.277344252454658
"PB20140320St475m2",88,0,88,0.225419532324622,0,0.225419532324622
"PB20140320St475mB",106,0,106,0.63617458344957,0,0.63617458344957
"PB20140416St4150m2",17,0,17,0.11529789162928,0,0.11529789162928
"PB20140416St475m2",50,0,50,0.182960910185802,0,0.182960910185802
"PB20140515St20m2",20,0,20,0.180101887923284,0,0.180101887923284
"PB20140515St4300m2",72,0,72,0.326802040786662,0,0.326802040786662
"PB20140515St430m2",25,0,25,0.140276134122288,0,0.140276134122288
"PB20140515St50m2",29,0,29,0.217581916322445,0,0.217581916322445
"PB20140612St4150m",92,0,92,0.292954033847697,0,0.292954033847697
"PB20140612St430mB",30,0,30,0.376590361887535,0,0.376590361887535
"PB20140715St4150m",83,0,83,0.67741591315249,0,0.67741591315249
"PB20140715St475m",90,0,90,0.65071887593944,0,0.65071887593944
"PB20140822St4300m",99,0,99,0.493202141675777,0,0.493202141675777
"PB20140925St60m2",42,0,42,0.0913480108149865,0,0.0913480108149865
"PCRBlankE",10,0,10,0.996381126889601,0,0.996381126889601
"TL01",26,0,26,0.0274224854426915,0,0.0274224854426915
"TL02",28,0,28,0.0318406489646452,0,0.0318406489646452
"TL03",30,0,30,0.100014357501795,0,0.100014357501795
"TL04",27,0,27,0.103804858014551,0,0.103804858014551
"TL05",26,0,26,0.0290327970357848,0,0.0290327970357848
"TL06",21,0,21,0.0243618397835549,0,0.0243618397835549
"TL07",39,0,39,0.043438940715037,0,0.043438940715037
"TL08",31,0,31,0.0338255115328089,0,0.0338255115328089
"TL09",24,0,24,0.0446487896511275,0,0.0446487896511275
"TL10",20,0,20,0.0255733748750597,0,0.0255733748750597
"TL11",23,0,23,0.0360829798190334,0,0.0360829798190334
"TL12",13,0,13,0.0134525064075043,0,0.0134525064075043
"TL13",16,0,16,0.0106025492468134,0,0.0106025492468134
"TL14",13,0,13,0.00536082133077426,0,0.00536082133077426
"TL15",9,0,9,0.00459223193537678,0,0.00459223193537678
"TL16",14,0,14,0.0110521940211962,0,0.0110521940211962
"TL17",5,0,5,0.0015112285336856,0,0.0015112285336856
"TL18",8,0,8,0.00537442033548978,0,0.00537442033548978
"TL19",29,0,29,0.0202066974709609,0,0.0202066974709609
"TL20",20,0,20,0.00980272585907248,0,0.00980272585907248
"TL21",23,0,23,0.0189816882536847,0,0.0189816882536847
"TL22",26,0,26,0.015544589694014,0,0.015544589694014
"TL23",29,0,29,0.0294193615042876,0,0.0294193615042876
"TL24",26,0,26,0.0217453789687804,0,0.0217453789687804
"TL25",49,0,49,0.0334486081977436,0,0.0334486081977436
"TL26",34,0,34,0.0164628458376472,0,0.0164628458376472
"EMAA1ATM01",1,0,1,0.00030744905130007,0,0.00030744905130007
"EMAA1BTM01",1,0,1,0.000520488312671525,0,0.000520488312671525
"EMAA1CTM01",5,0,5,0.0026753375041159,0,0.0026753375041159
"EMMF13ATM01",34,0,34,0.590502338824487,0,0.590502338824487
"EMMF13BTM01",39,0,39,0.608700368843567,0,0.608700368843567
"EMMF13CTM01",39,0,39,0.581609837898267,0,0.581609837898267
"EMNTCTM01",5,0,5,0.83696053116931,0,0.83696053116931
"MBAA1A",2,0,2,0.000382701875239189,0,0.000382701875239189
"MBAA1B",2,0,2,0.000289702396628918,0,0.000289702396628918
"MBAA1C",1,0,1,0.00082202128368621,0,0.00082202128368621
"MBMF13A",32,0,32,0.164173982670365,0,0.164173982670365
"MBMF13B",32,0,32,0.154178879371674,0,0.154178879371674
"MBMF13C",32,0,32,0.15790842120468,0,0.15790842120468
"MBNTC",8,0,8,0.841,0,0.841
"EMAA1A",1,0,1,2.68067767531632e-05,0,2.68067767531632e-05
"EMAA1B",1,0,1,0.000128462052309748,0,0.000128462052309748
"EMAA1C",1,0,1,5.12019661555004e-05,0,5.12019661555004e-05
"EMAA2A",1,0,1,8.73460525823237e-05,0,8.73460525823237e-05
"EMAA2B",1,0,1,7.89587966679388e-05,0,7.89587966679388e-05
"EMAA2C",0,0,0,0,0,0
"EMMF13A",38,0,38,0.126851942566648,0,0.126851942566648
"EMMF13B",46,0,46,0.120959567518865,0,0.120959567518865
"EMMF13C",36,0,36,0.123649392836728,0,0.123649392836728
"EMNTC",9,0,9,0.722171036100176,0,0.722171036100176
"MB1AA1A",2,0,2,0.000156323276535876,0,0.000156323276535876
"MB1AA1B",1,0,1,0.00040016006402561,0,0.00040016006402561
"MB1AA1C",1,0,1,0.000185379719458691,0,0.000185379719458691
"MB1AA2A",1,0,1,0.000131047286229114,0,0.000131047286229114
"MB1AA2B",1,0,1,0.000223391580619539,0,0.000223391580619539
"MB1AA2C",0,0,0,0,0,0
"MB1MF13A",31,0,31,0.48002266931142,0,0.48002266931142
"MB1MF13B",35,0,35,0.517693946265375,0,0.517693946265375
"MB1MF13C",35,0,35,0.468286181619919,0,0.468286181619919
"MB1NTC",21,0,21,0.507885389533507,0,0.507885389533507
"MB2AA1A",7,0,7,0.0099530459359662,0,0.0099530459359662
"MB2AA1B",0,0,0,0,0,0
"MB2AA1C",0,0,0,0,0,0
"MB2AA2A",1,0,1,0.000176918086925753,0,0.000176918086925753
"MB2AA2B",0,0,0,0,0,0
"MB2AA2C",2,0,2,0.000282069765255273,0,0.000282069765255273
"MB2MF13A",31,0,31,0.227835861485466,0,0.227835861485466
"MB2MF13B",43,0,43,0.234816115349358,0,0.234816115349358
"MB2MF13C",38,0,38,0.203020777428506,0,0.203020777428506
"MB2NTC",8,0,8,0.575453209211171,0,0.575453209211171
"AA1A6",2,0,2,0.00023473566156334,0,0.00023473566156334
"AA1B6",1,0,1,7.47713864858196e-05,0,7.47713864858196e-05
"AA1C6",1,0,1,0.000253057153702449,0,0.000253057153702449
"AA3A6",1,0,1,4.90993340902814e-05,0,4.90993340902814e-05
"AA3B6",0,0,0,0,0,0
"AA3C6",1,0,1,0.000138033210790516,0,0.000138033210790516
"AA4A6",1,0,1,0.000114641336390436,0,0.000114641336390436
"AA4B6",1,0,1,6.32893589491154e-05,0,6.32893589491154e-05
"AA4C6",1,0,1,6.41688353356387e-05,0,6.41688353356387e-05
"ExtractBlank016",27,0,27,0.0869931557464795,0,0.0869931557464795
"ExtractBlank026",2,0,2,0.00605566554093397,0,0.00605566554093397
"ExtractBlank036",19,0,19,0.603318956163194,0,0.603318956163194
"PB20110413St10m6",33,0,33,0.163342830009497,0,0.163342830009497
"PB20110413St4150m6",72,0,72,0.270727886237648,0,0.270727886237648
"PB20110413St4300m6",108,0,108,0.359675831807854,0,0.359675831807854
"PB20110413St50m6",37,0,37,0.550270952129645,0,0.550270952129645
"PB20110614St40m6",7,0,7,0.0832581634493956,0,0.0832581634493956
"PB20110614St4150m6",68,0,68,0.186574938148357,0,0.186574938148357
"PB20110614St475m6",44,0,44,0.106471590448116,0,0.106471590448116
"PB20110907St430m6",36,0,36,0.237854196314377,0,0.237854196314377
"PB20111028St50m6",21,0,21,0.0946222594987509,0,0.0946222594987509
"PB20111028St70m6",20,0,20,0.0745773101088011,0,0.0745773101088011
"PB20111214St70m6",39,0,39,0.181935297694504,0,0.181935297694504
"PB20120217St10m6",21,0,21,0.0924164513744092,0,0.0924164513744092
"PB20120217St50m6",41,0,41,0.117163473352645,0,0.117163473352645
"PB20120217St60m6",31,0,31,0.168181175746793,0,0.168181175746793
"PB20120313St10m6",42,0,42,0.310643663118247,0,0.310643663118247
"PB20120313St70m6",53,0,53,0.4665306779752,0,0.4665306779752
"PB20120412St10m6",28,0,28,0.572366521140877,0,0.572366521140877
"PB20120614St10m6",26,0,26,0.038096338223403,0,0.038096338223403
"PB20120614St40m6",61,0,61,0.102831023566013,0,0.102831023566013
"PB20120614St60m6",60,0,60,0.199876151600551,0,0.199876151600551
"PB20120614St70m6",51,0,51,0.0532679864675388,0,0.0532679864675388
"PB20120816St4150m6",98,0,98,0.407221691962305,0,0.407221691962305
"PB20120816St4300m6",121,0,121,0.358442081443625,0,0.358442081443625
"PB20120816St430m6",47,0,47,0.124177939823491,0,0.124177939823491
"PB20120816St475m6",113,0,113,0.315869110591709,0,0.315869110591709
"PB20120816St50m6",55,0,55,0.0963335052089398,0,0.0963335052089398
"PB20120913St30m6",63,0,63,0.263540969499952,0,0.263540969499952
"PB20120913St40m6",74,1,75,0.153620559334845,0.000171327790375409,0.15379188712522
"PB20120913St430m6",34,0,34,0.0587144868058447,0,0.0587144868058447
"PB20120913St60m6",33,0,33,0.100446790982399,0,0.100446790982399
"PB20121026St30m6",60,0,60,0.27747163012212,0,0.27747163012212
"PB20121026St40m6",60,0,60,0.317670980407869,0,0.317670980407869
"PB20121026St4150m6",113,1,114,0.304116804079582,1.86112300161918e-05,0.304135415309598
"PB20121026St4300m6",115,0,115,0.354680157530514,0,0.354680157530514
"PB20121115St40m6",27,0,27,0.0616906680927461,0,0.0616906680927461
"PB20121206St40m6",72,1,73,0.206142203152187,0.000101356487659848,0.206243559639847
"PB20121206St4150m6",79,0,79,0.164515602025813,0,0.164515602025813
"PB20121206St4300m6",122,0,122,0.22520086936108,0,0.22520086936108
"PB20121206St60m6",70,1,71,0.261413714084259,7.55458185389439e-05,0.261489259902798
"PB20130212St10m6",67,0,67,0.252397265887521,0,0.252397265887521
"PB20130212St50m6",83,1,84,0.276416208966662,1.5966279218291e-05,0.276432175245881
"PB20130212St60m6",83,0,83,0.33707084956619,0,0.33707084956619
"PB20130314St4150m6",112,0,112,0.257647304242286,0,0.257647304242286
"PB20130314St475m6",51,0,51,0.0384243094009256,0,0.0384243094009256
"PB20130314St70m6",42,1,43,0.142737741456166,2.53275699040929e-05,0.14276306902607
"PB20130411St20m6",29,0,29,0.134511793725128,0,0.134511793725128
"PB20130411St40m6",29,0,29,0.227681505453275,0,0.227681505453275
"PB20130411St4150m6",34,0,34,0.0317309466691271,0,0.0317309466691271
"PB20130411St430m6",32,0,32,0.308933332021682,0,0.308933332021682
"PB20130411St60m6",17,0,17,0.14349945125621,0,0.14349945125621
"PB20130411St70m6",25,0,25,0.256635662431942,0,0.256635662431942
"PB20130509St10m6",18,0,18,0.346353612975731,0,0.346353612975731
"PB20130509St60m6",24,0,24,0.30294790343075,0,0.30294790343075
"PB20130605St40m6",19,0,19,0.0946353094180123,0,0.0946353094180123
"PB20130605St60m6",24,0,24,0.0392718971105922,0,0.0392718971105922
"PB20130815St20m6",18,0,18,0.023307643886422,0,0.023307643886422
"PB20130815St430m6",61,0,61,0.155145224309184,0,0.155145224309184
"PB20130815St60m6",25,0,25,0.0462806098875712,0,0.0462806098875712
"PB20130919St10m6",66,1,67,0.0645991753860001,3.97085393213811e-05,0.0646388839253215
"PB20130919St50m6",86,1,87,0.153427783746866,6.66316850320249e-05,0.153494415431898
"PB20131024St20m6",35,0,35,0.237088971292454,0,0.237088971292454
"PB20131024St40m6",25,0,25,0.108640510399739,0,0.108640510399739
"PB20131024St50m6",32,0,32,0.221923458864869,0,0.221923458864869
"PB20131114St20m6",48,0,48,0.184147345120186,0,0.184147345120186
"PB20131114St4150m6",67,0,67,0.163704963717631,0,0.163704963717631
"PB20131114St50m6",62,1,63,0.155861469638466,0.000118503303279579,0.155979972941746
"PB20131212St40m6",67,0,67,0.484985954728315,0,0.484985954728315
"PB20140220St10m6",57,0,57,0.256862139917695,0,0.256862139917695
"PB20140220St20m6",42,0,42,0.188864628820961,0,0.188864628820961
"PB20140220St40m6",65,0,65,0.401450796188953,0,0.401450796188953
"PB20140220St50m6",29,0,29,0.210471119716037,0,0.210471119716037
"PB20140320St10m6",58,0,58,0.0869236489836391,0,0.0869236489836391
"PB20140320St40m6",42,0,42,0.21202821546354,0,0.21202821546354
"PB20140416St20m6",32,0,32,0.0865120821719378,0,0.0865120821719378
"PB20140416St30m6",10,0,10,0.0840612928561125,0,0.0840612928561125
"PB20140416St60m6",13,0,13,0.0696093344216072,0,0.0696093344216072
"PB20140515St30m6",31,0,31,0.0803996527194309,0,0.0803996527194309
"PB20140515St430m6",32,0,32,0.0434371495991833,0,0.0434371495991833
"PB20140515St50m6",38,0,38,0.0648455253680157,0,0.0648455253680157
"PB20140515St70m6",40,0,40,0.102156489126819,0,0.102156489126819
"PB20140715St40m6",85,0,85,0.181313468168453,0,0.181313468168453
"PB20140715St4150m6",101,0,101,0.259468219714697,0,0.259468219714697
"PB20140715St475m6",126,0,126,0.305202731389754,0,0.305202731389754
"PCRBlank6",25,0,25,0.725220787599278,0,0.725220787599278
"AA1AAC",3,0,3,0.000750343907624328,0,0.000750343907624328
"AA1BAC",3,0,3,0.000395248237851606,0,0.000395248237851606
"AA1CAC",1,0,1,0.000389639831108844,0,0.000389639831108844
"ACS00C02N05",51,0,51,0.0242765641084296,0,0.0242765641084296
"ACS00C02N07",40,0,40,0.013328843397837,0,0.013328843397837
"ACS00C02N12",74,1,75,0.0496513343167494,3.35255464664074e-05,0.0496848598632158
"ACS00C02N24",76,0,76,0.0368313048400793,0,0.0368313048400793
"ACS01C02N05",53,1,54,0.0409131621598567,4.26511984986778e-05,0.0409558133583554
"ACS01C02N07",95,1,96,0.0675849901608197,3.39282079120581e-05,0.0676189183687318
"ACS01C02N12",81,0,81,0.050979940548594,0,0.050979940548594
"ACS01C02N14",64,0,64,0.0595586331245744,0,0.0595586331245744
"ACS02C02N05",55,0,55,0.0292540514775977,0,0.0292540514775977
"ACS02C02N07",26,0,26,0.0316840955205244,0,0.0316840955205244
"ACS02C02N14",40,0,40,0.0268491977813349,0,0.0268491977813349
"ACS02C02N15",29,0,29,0.0231742241688701,0,0.0231742241688701
"ACS03C02N05",81,0,81,0.0543955713340153,0,0.0543955713340153
"ACS03C02N07",36,0,36,0.0366038394094911,0,0.0366038394094911
"ACS03C02N14",47,0,47,0.0435942173479561,0,0.0435942173479561
"ACS07C02N05",137,0,137,0.421664909433381,0,0.421664909433381
"ACS07C02N07",162,0,162,0.547367105176078,0,0.547367105176078
"ACS07C02N12",120,0,120,0.428737140357883,0,0.428737140357883
"ACS07C02N14",101,0,101,0.338554612390377,0,0.338554612390377
"ACS08C02N05",169,1,170,0.620262214621798,3.86462228147976e-05,0.620300860844613
"ACS08C02N07",134,0,134,0.532932529176185,0,0.532932529176185
"ACS08C02N10",109,0,109,0.517545231763908,0,0.517545231763908
"ACS08C02N13",101,0,101,0.457995578481945,0,0.457995578481945
"ACS09C02N00",113,0,113,0.460904163302964,0,0.460904163302964
"ACS09C02N05",168,0,168,0.540127044949359,0,0.540127044949359
"ACS09C02N07",165,0,165,0.486020381499869,0,0.486020381499869
"ACS09C02N14",93,0,93,0.398922965656092,0,0.398922965656092
"ACS10C02N05",147,0,147,0.432997155960414,0,0.432997155960414
"ACS10C02N07",137,0,137,0.49960226749395,0,0.49960226749395
"ACS10C02N10",131,0,131,0.525671166117634,0,0.525671166117634
"ACS10C02N13",109,0,109,0.304586768125132,0,0.304586768125132
"ACS11C02N05",168,0,168,0.506259168264082,0,0.506259168264082
"ACS11C02N07",151,0,151,0.515606936416185,0,0.515606936416185
"ACS11C02N12",115,1,116,0.429429461811359,2.15663650969947e-05,0.429451028176456
"ACS11C02N14",110,0,110,0.451761597181444,0,0.451761597181444
"ACS12C02N05",151,0,151,0.459719340058762,0,0.459719340058762
"ACS12C02N07",112,0,112,0.407065740245858,0,0.407065740245858
"ACS12C02N10",99,0,99,0.363978337384148,0,0.363978337384148
"ACS12C02N13",120,0,120,0.43390535959614,0,0.43390535959614
"ACS13C02N05",151,0,151,0.432559986916194,0,0.432559986916194
"ACS13C02N07",110,0,110,0.452001626763801,0,0.452001626763801
"ACS13C02N10",105,0,105,0.37143874206734,0,0.37143874206734
"ACS13C02N13",108,0,108,0.285724655433668,0,0.285724655433668
"ACS14C02N05",143,0,143,0.416762187914174,0,0.416762187914174
"ACS14C02N07",103,0,103,0.438675146152631,0,0.438675146152631
"ACS14C02N10",108,0,108,0.436599729569658,0,0.436599729569658
"ACS14C02N13",109,0,109,0.372939027006236,0,0.372939027006236
"ACS15C02N05",132,0,132,0.43260569872375,0,0.43260569872375
"ACS15C02N07",159,0,159,0.541421417903892,0,0.541421417903892
"ACS15C02N10",125,0,125,0.397616835095056,0,0.397616835095056
"ACS15C02N13",133,0,133,0.394424512421146,0,0.394424512421146
"ACS16C02N05",165,0,165,0.510139448342752,0,0.510139448342752
"ACS16C02N07",119,0,119,0.279053071095241,0,0.279053071095241
"ACS16C02N10",117,0,117,0.306269114802287,0,0.306269114802287
"ACS16C02N13",130,0,130,0.303818181818182,0,0.303818181818182
"ACS17C01N05",144,0,144,0.48050351784352,0,0.48050351784352
"ACS17C02N07",151,0,151,0.496380404072712,0,0.496380404072712
"ACS17C02N10",116,0,116,0.395354356403334,0,0.395354356403334
"ACS17C02N13",128,0,128,0.294922507243974,0,0.294922507243974
"ACS19C01N01",145,0,145,0.444026109553723,0,0.444026109553723
"ACS19C01N06",125,0,125,0.388763802960294,0,0.388763802960294
"ACS19C01N11",123,0,123,0.335786466471279,0,0.335786466471279
"ACS19C01N16",110,0,110,0.309959139096541,0,0.309959139096541
"ACS19C01N21",131,0,131,0.383506343713956,0,0.383506343713956
"ACS20C02N01",142,0,142,0.55558767416315,0,0.55558767416315
"ACS20C02N06",118,0,118,0.41359976025444,0,0.41359976025444
"ACS20C02N11",104,0,104,0.271325742976489,0,0.271325742976489
"ACS20C02N16",111,0,111,0.28727071972599,0,0.28727071972599
"ACS20C02N21",113,0,113,0.300174983738422,0,0.300174983738422
"ACS21C02N01",166,0,166,0.442368795880355,0,0.442368795880355
"ACS21C02N06",118,0,118,0.382744241461477,0,0.382744241461477
"ACS21C02N11",121,0,121,0.395452009183795,0,0.395452009183795
"ACS21C02N16",132,0,132,0.403902264095584,0,0.403902264095584
"ACS21C02N23",128,0,128,0.370427148455027,0,0.370427148455027
"ACS22C02N01",177,0,177,0.508071513706794,0,0.508071513706794
"ACS22C02N06",136,0,136,0.42289420275066,0,0.42289420275066
"ACS22C02N11",119,0,119,0.368875312413219,0,0.368875312413219
"ACS22C02N16",136,0,136,0.380120897809359,0,0.380120897809359
"ACS22C02N21",117,0,117,0.372892309500029,0,0.372892309500029
"ACS23C02N01",162,0,162,0.426185198309037,0,0.426185198309037
"ACS23C02N06",125,0,125,0.331202663679619,0,0.331202663679619
"ACS23C02N11",122,1,123,0.351758912095533,7.05210328980618e-05,0.351829433128431
"ACS23C02N16",111,0,111,0.259495895250025,0,0.259495895250025
"ACS23C02N21",121,0,121,0.2608270364121,0,0.2608270364121
"ExtractBlank08",7,0,7,0.0581887720256796,0,0.0581887720256796
"ExtractBlank09",33,0,33,0.605826193390453,0,0.605826193390453
"PB20140715St60mAC",83,0,83,0.225232411217856,0,0.225232411217856
"PB20140822St4300mAC",167,0,167,0.277359444937536,0,0.277359444937536
"PB20140822St70mAC",72,0,72,0.241553038616044,0,0.241553038616044
"PB20140925St40mAC",88,1,89,0.331144750818389,5.5905135197252e-05,0.331200655953586
"PCRBlankAC",18,0,18,0.428822611901498,0,0.428822611901498
